OBJECTID,ACCIDENT_NO,ABS_CODE,ACCIDENT_STATUS,ACCIDENT_DATE,ACCIDENT_TIME,ALCOHOLTIME,ACCIDENT_TYPE,DAY_OF_WEEK,DCA_CODE,HIT_RUN_FLAG,LIGHT_CONDITION,POLICE_ATTEND,ROAD_GEOMETRY,SEVERITY,SPEED_ZONE,RUN_OFFROAD,NODE_ID,LONGITUDE,LATITUDE
3401744,T20130013732,ABS to receive accident,Finished,1/07/2013,18.30.00,Yes,Struck Pedestrian,Monday,PED NEAR SIDE. PED HIT BY VEHICLE FROM THE RIGHT.,No,Dark Street lights on,Yes,Not at intersection,Serious injury accident,60 km/hr,No,261534,144.9698,-37.82202
3401745,T20130013736,ABS to receive accident,Finished,2/07/2013,16.40.00,No,Collision with vehicle,Tuesday,PARKED VEHICLES ONLY,No,Day,Yes,T intersection,Serious injury accident,60 km/hr,No,66573,145.14671,-37.83166
3401746,T20130013737,ABS to receive accident,Finished,2/07/2013,13.15.00,No,Collision with a fixed object,Tuesday,RIGHT OFF CARRIAGEWAY INTO OBJECT/PARKED VEHICLE,No,Day,Yes,T intersection,Serious injury accident,50 km/hr,Yes,261533,144.80134,-37.74003
3401747,T20130013738,ABS to receive accident,Finished,2/07/2013,16.45.00,No,Collision with a fixed object,Tuesday,RIGHT OFF CARRIAGEWAY INTO OBJECT/PARKED VEHICLE,No,Day,Yes,Not at intersection,Serious injury accident,110 km/hr,Yes,263495,145.07011,-37.17891
3401748,T20130013739,ABS to receive accident,Finished,2/07/2013,15.48.00,No,Collision with vehicle,Tuesday,U TURN,No,Day,Yes,Not at intersection,Other injury accident,50 km/hr,No,261664,144.9653,-37.81808
3401749,T20130013740,ABS to receive accident,Finished,2/07/2013,13.40.00,No,Collision with a fixed object,Tuesday,LEFT OFF CARRIAGEWAY INTO OBJECT/PARKED VEHICLE,No,Day,Yes,Not at intersection,Serious injury accident,100 km/hr,Yes,263258,145.7914,-38.23087
3401750,T20130013742,ABS to receive accident,Finished,2/07/2013,16.10.00,No,Collision with vehicle,Tuesday,REAR END(VEHICLES IN SAME LANE),No,Day,Yes,Cross intersection,Other injury accident,80 km/hr,No,226245,145.00873,-37.90637
3401751,T20130013743,ABS to receive accident,Finished,2/07/2013,17.50.00,No,Collision with vehicle,Tuesday,REAR END(VEHICLES IN SAME LANE),No,Dark Street lights on,Yes,Not at intersection,Other injury accident,60 km/hr,No,261501,145.07229,-37.80207
3401752,T20130013744,ABS to receive accident,Finished,2/07/2013,17.30.00,No,Collision with vehicle,Tuesday,RIGHT THROUGH,No,Dark Street lights on,Yes,Cross intersection,Other injury accident,60 km/hr,No,38890,145.02638,-37.82156
3401753,T20130013746,ABS to receive accident,Finished,2/07/2013,17.35.00,No,Collision with vehicle,Tuesday,LEFT NEAR (INTERSECTIONS ONLY),No,Dark Street lights on,Yes,Cross intersection,Other injury accident,60 km/hr,No,620,145.15439,-37.84541
3401754,T20130013749,ABS to receive accident,Finished,2/07/2013,16.20.00,No,Collision with a fixed object,Tuesday,LEFT OFF CARRIAGEWAY INTO OBJECT/PARKED VEHICLE,No,Day,Yes,Not at intersection,Other injury accident,50 km/hr,Yes,262558,145.04213,-37.73512
3401755,T20130013751,ABS to receive accident,Finished,2/07/2013,16.30.00,No,Collision with a fixed object,Tuesday,RIGHT OFF CARRIAGEWAY INTO OBJECT/PARKED VEHICLE,No,Day,Yes,Cross intersection,Serious injury accident,80 km/hr,Yes,1303,144.95479,-37.66725
3401756,T20130013752,ABS to receive accident,Finished,2/07/2013,17.38.00,No,Collision with vehicle,Tuesday,VEHICLE STRIKES ANOTHER VEH WHILE EMERGING FROM DRIVEWAY,No,Dark Street lights on,Yes,Not at intersection,Other injury accident,70 km/hr,No,241918,145.06288,-37.67821
3401757,T20130013753,ABS to receive accident,Finished,2/07/2013,19.50.00,Yes,Collision with a fixed object,Tuesday,LEFT OFF CARRIAGEWAY INTO OBJECT/PARKED VEHICLE,No,Dark Street lights on,Yes,T intersection,Other injury accident,60 km/hr,Yes,264067,144.35796,-38.0824
3401758,T20130013754,ABS to receive accident,Finished,2/07/2013,17.35.00,No,Collision with vehicle,Tuesday,RIGHT REAR.,No,Dark No street lights,Yes,Not at intersection,Serious injury accident,60 km/hr,No,261637,145.07832,-37.70195
3401759,T20130013755,ABS to receive accident,Finished,2/07/2013,18.19.00,Yes,Collision with vehicle,Monday,REAR END(VEHICLES IN SAME LANE),No,Dark Street lights on,Yes,Not at intersection,Other injury accident,80 km/hr,No,261532,144.89081,-37.82599
3401760,T20130013758,ABS to receive accident,Finished,2/07/2013,20.20.00,Yes,Collision with a fixed object,Tuesday,LEFT OFF CARRIAGEWAY INTO OBJECT/PARKED VEHICLE,No,Dark Street lights on,Yes,T intersection,Other injury accident,50 km/hr,Yes,54658,145.16073,-37.66936
3401761,T20130013760,ABS to receive accident,Finished,2/07/2013,13.30.00,No,Collision with vehicle,Tuesday,VEHICLE STRIKES DOOR OF PARKED/STATIONARY VEHICLE,No,Day,No,Not at intersection,Serious injury accident,40 km/hr,No,146162,144.96245,-37.8127
3401762,T20130013761,ABS to receive accident,Finished,2/07/2013,18.05.00,Yes,Collision with vehicle,Tuesday,RIGHT THROUGH,No,Dark Street lights on,Yes,Cross intersection,Serious injury accident,60 km/hr,No,29595,144.99091,-37.86532
3401763,T20130013764,ABS to receive accident,Finished,2/07/2013,16.00.00,No,Collision with vehicle,Tuesday,RIGHT NEAR (INTERSECTIONS ONLY),No,Day,Yes,T intersection,Other injury accident,60 km/hr,No,38085,145.02855,-37.76635
3401764,T20130013769,ABS to receive accident,Finished,3/07/2013,00.54.00,Yes,No collision and no object struck,Wednesday,OFF CARRIAGEWAY TO LEFT,No,Dark Street lights on,Yes,Not at intersection,Serious injury accident,60 km/hr,Yes,262821,144.98377,-37.7916
3401765,T20130013770,ABS to receive accident,Finished,2/07/2013,10.50.00,No,Collision with vehicle,Tuesday,U TURN,No,Day,Yes,Not at intersection,Other injury accident,70 km/hr,No,261902,144.99429,-37.85819
3401766,T20130013772,ABS to receive accident,Finished,2/07/2013,12.45.00,No,Collision with vehicle,Tuesday,LANE CHANGE RIGHT (NOT OVERTAKING),No,Day,Yes,Not at intersection,Serious injury accident,80 km/hr,No,261552,145.17203,-37.83737
3401767,T20130013773,ABS to receive accident,Finished,3/07/2013,06.10.00,No,Struck animal,Wednesday,STRUCK ANIMAL,No,Dark No street lights,Yes,Not at intersection,Other injury accident,100 km/hr,No,261665,146.34621,-38.17277
3401768,T20130013776,ABS to receive accident,Finished,3/07/2013,08.35.00,No,Collision with vehicle,Wednesday,CROSS TRAFFIC(INTERSECTIONS ONLY),No,Day,Yes,Cross intersection,Other injury accident,50 km/hr,No,45372,144.91921,-37.7469
3401769,T20130013777,ABS to receive accident,Finished,3/07/2013,08.40.00,No,Collision with vehicle,Wednesday,LEFT TURN SIDESWIPE,No,Day,Yes,Not at intersection,Serious injury accident,60 km/hr,No,261640,144.98163,-37.85293
3401770,T20130013608,ABS to receive accident,Finished,1/07/2013,02.10.00,Yes,Collision with vehicle,Monday,RIGHT FAR (INTERSECTIONS ONLY),No,Dark Street lights on,Yes,Multiple intersection,Serious injury accident,80 km/hr,No,226265,145.2121,-37.92536
3401771,T20130013611,ABS to receive accident,Finished,1/07/2013,06.40.00,No,Struck Pedestrian,Monday,PED PLAYING/LYING/WORKING/STANDING ON CARRIAGEWAY.,No,Dark Street lights on,Yes,T intersection,Other injury accident,50 km/hr,No,261607,144.33957,-38.16099
3401772,T20130013617,ABS to receive accident,Finished,1/07/2013,08.40.00,No,Collision with vehicle,Monday,RIGHT THROUGH,No,Day,Yes,T intersection,Serious injury accident,80 km/hr,No,46901,145.26364,-38.00505
3401773,T20130013620,ABS to receive accident,Finished,1/07/2013,05.30.00,Yes,Collision with a fixed object,Monday,OFF LEFT BEND INTO OBJECT/PARKED VEHICLE,No,Dark No street lights,Yes,Not at intersection,Serious injury accident,100 km/hr,Yes,261464,146.39508,-37.97259
3401774,T20130013621,ABS to receive accident,Finished,1/07/2013,04.45.00,Yes,Struck animal,Monday,STRUCK ANIMAL,No,Dark No street lights,Yes,Not at intersection,Other injury accident,100 km/hr,No,261715,144.18062,-36.80813
3401775,T20130013622,ABS to receive accident,Finished,1/07/2013,09.14.00,No,Collision with vehicle,Monday,RIGHT NEAR (INTERSECTIONS ONLY),No,Day,Yes,T intersection,Other injury accident,60 km/hr,No,261568,145.14892,-38.10118
3401776,T20130013630,ABS to receive accident,Finished,1/07/2013,06.50.00,Yes,Vehicle overturned (no collision),Sunday,OFF CARRIAGEWAY TO RIGHT,No,Dark No street lights,Yes,Not at intersection,Other injury accident,110 km/hr,Yes,277412,145.1033,-37.08409
3401777,T20130013638,ABS to receive accident,Finished,1/07/2013,10.30.00,No,Collision with a fixed object,Monday,OFF LEFT BEND INTO OBJECT/PARKED VEHICLE,No,Day,Yes,Not at intersection,Serious injury accident,80 km/hr,Yes,261526,147.83109,-37.37856
3401778,T20130013641,ABS to receive accident,Finished,1/07/2013,09.30.00,No,Collision with a fixed object,Monday,LEFT OFF CARRIAGEWAY INTO OBJECT/PARKED VEHICLE,No,Day,Yes,T intersection,Fatal accident,70 km/hr,Yes,49869,144.35382,-38.13782
3401779,T20130013644,ABS to receive accident,Finished,1/07/2013,12.40.00,No,Struck Pedestrian,Monday,VEH STRIKES PED ON FOOTPATH/MEDIAN/TRAFFIC ISLAND.,No,Day,Yes,Cross intersection,Fatal accident,50 km/hr,No,41143,144.99272,-37.91244
3401780,T20130013647,ABS to receive accident,Finished,1/07/2013,16.40.00,No,Vehicle overturned (no collision),Monday,OUT OF CONTROL ON CARRIAGEWAY (ON STRAIGHT),No,Day,Yes,T intersection,Serious injury accident,60 km/hr,No,67133,145.0748,-37.84725
3401781,T20130013649,ABS to receive accident,Finished,1/07/2013,15.40.00,No,Collision with vehicle,Monday,REAR END(VEHICLES IN SAME LANE),No,Day,Yes,T intersection,Other injury accident,60 km/hr,No,261922,145.10063,-37.941
3401782,T20130013650,ABS to receive accident,Finished,1/07/2013,16.40.00,No,Collision with vehicle,Monday,RIGHT NEAR (INTERSECTIONS ONLY),No,Day,Yes,T intersection,Other injury accident,60 km/hr,No,39806,145.30008,-37.80088
3401783,T20130013652,ABS to receive accident,Finished,1/07/2013,17.55.00,No,Collision with vehicle,Monday,CROSS TRAFFIC(INTERSECTIONS ONLY),No,Dark Street lights on,Yes,Cross intersection,Other injury accident,60 km/hr,No,52743,143.83607,-37.52622
3401784,T20130013654,ABS to receive accident,Finished,1/07/2013,17.45.00,No,Collision with vehicle,Monday,RIGHT NEAR (INTERSECTIONS ONLY),No,Dusk/Dawn,Yes,T intersection,Other injury accident,60 km/hr,No,57278,144.76513,-36.14474
3401785,T20130013655,ABS to receive accident,Finished,1/07/2013,16.45.00,No,Collision with vehicle,Monday,CROSS TRAFFIC(INTERSECTIONS ONLY),No,Day,Yes,Cross intersection,Other injury accident,80 km/hr,No,59246,145.38885,-36.44081
3401786,T20130013656,ABS to receive accident,Finished,1/07/2013,16.20.00,No,Collision with vehicle,Monday,REAR END(VEHICLES IN SAME LANE),No,Day,Yes,Not at intersection,Serious injury accident,60 km/hr,No,262085,144.88274,-37.83945
3401787,T20130013657,ABS to receive accident,Finished,1/07/2013,17.05.00,No,Collision with a fixed object,Monday,OFF RIGHT BEND INTO OBJECT/PARKED VEHICLE,No,Dusk/Dawn,Yes,Not at intersection,Other injury accident,80 km/hr,Yes,261481,145.21846,-37.59477
3401788,T20130013658,ABS to receive accident,Finished,1/07/2013,19.30.00,Yes,Collision with a fixed object,Monday,LEFT OFF CARRIAGEWAY INTO OBJECT/PARKED VEHICLE,No,Dark Street lights on,Yes,Not at intersection,Other injury accident,50 km/hr,Yes,261530,145.2671,-37.91228
3401789,T20130013659,ABS to receive accident,Finished,1/07/2013,15.57.00,No,Collision with vehicle,Monday,CROSS TRAFFIC(INTERSECTIONS ONLY),No,Day,Yes,Cross intersection,Serious injury accident,80 km/hr,No,58184,142.19593,-34.23915
3401790,T20130013662,ABS to receive accident,Finished,1/07/2013,18.05.00,Yes,Collision with vehicle,Monday,RIGHT THROUGH,No,Dark Street lights on,Yes,Cross intersection,Other injury accident,70 km/hr,No,1323,144.95801,-37.68953
3401791,T20130013668,ABS to receive accident,Finished,1/07/2013,16.16.00,No,Collision with vehicle,Monday,LANE CHANGE LEFT (NOT OVERTAKING),No,Day,Yes,Cross intersection,Other injury accident,60 km/hr,No,871,145.21823,-37.99988
3401792,T20130013669,ABS to receive accident,Finished,1/07/2013,19.12.00,Yes,Collision with vehicle,Monday,VEHICLE COLLIDES WITH VEHICLE PARKED ON LEFT OF ROAD,No,Dark Street lights on,Yes,Not at intersection,Serious injury accident,50 km/hr,No,262150,145.16102,-37.88055
3401793,T20130013671,ABS to receive accident,Finished,1/07/2013,17.52.00,No,Collision with vehicle,Monday,PULLING OUT -REAR END,No,Dark Street lights on,Yes,Not at intersection,Serious injury accident,60 km/hr,No,262920,144.91922,-37.63091
3401794,T20130013672,ABS to receive accident,Finished,1/07/2013,18.00.00,Yes,Struck Pedestrian,Monday,FAR SIDE. PED HIT BY VEHICLE FROM THE LEFT,No,Dark Street lights on,Yes,T intersection,Serious injury accident,60 km/hr,No,48388,145.12928,-38.1362
3401795,T20130013675,ABS to receive accident,Finished,1/07/2013,21.50.00,Yes,Struck Pedestrian,Monday,PED PLAYING/LYING/WORKING/STANDING ON CARRIAGEWAY.,Yes,Dark Street lights on,Yes,Not at intersection,Serious injury accident,50 km/hr,No,261500,146.25044,-38.1885
3401796,T20130013678,ABS to receive accident,Finished,1/07/2013,07.25.00,No,Collision with a fixed object,Monday,RIGHT OFF CARRIAGEWAY INTO OBJECT/PARKED VEHICLE,No,Dark No street lights,Yes,Not at intersection,Serious injury accident,80 km/hr,Yes,262636,144.06837,-37.83918
3401797,T20130013681,ABS to receive accident,Finished,1/07/2013,14.00.00,No,Collision with vehicle,Monday,RIGHT NEAR (INTERSECTIONS ONLY),No,Day,Yes,T intersection,Serious injury accident,80 km/hr,No,262245,145.28824,-37.8377
3401798,T20130013687,ABS to receive accident,Finished,2/07/2013,06.24.00,No,Collision with vehicle,Tuesday,RIGHT THROUGH,No,Dark No street lights,Yes,Not at intersection,Other injury accident,60 km/hr,No,261482,144.91561,-37.82144
3401799,T20130013688,ABS to receive accident,Finished,2/07/2013,07.45.00,No,Vehicle overturned (no collision),Tuesday,OUT OF CONTROL ON CARRIAGEWAY (ON STRAIGHT),No,Day,Yes,Cross intersection,Other injury accident,60 km/hr,No,53011,143.84116,-37.59874
3401800,T20130013690,ABS to receive accident,Finished,2/07/2013,08.55.00,No,Collision with vehicle,Tuesday,U TURN,No,Day,Yes,T intersection,Other injury accident,60 km/hr,No,1051,144.74467,-38.3395
3401801,T20130013693,ABS to receive accident,Finished,2/07/2013,08.09.00,No,Collision with vehicle,Tuesday,RIGHT NEAR (INTERSECTIONS ONLY),No,Day,Yes,Cross intersection,Other injury accident,60 km/hr,No,41152,144.99617,-37.88859
3401802,T20130013706,ABS to receive accident,Finished,2/07/2013,11.35.00,No,Collision with vehicle,Tuesday,LEFT TURN SIDESWIPE,No,Day,Yes,Cross intersection,Serious injury accident,40 km/hr,No,36688,144.99483,-37.79022
3401803,T20130013709,ABS to receive accident,Finished,1/07/2013,21.05.00,Yes,Collision with vehicle,Monday,VEHICLE COLLIDES WITH VEHICLE PARKED ON LEFT OF ROAD,No,Dark Street lights on,Yes,Not at intersection,Serious injury accident,70 km/hr,No,261636,145.21581,-37.99237
3401804,T20130013712,ABS to receive accident,Finished,1/07/2013,15.45.00,No,Collision with vehicle,Monday,CROSS TRAFFIC(INTERSECTIONS ONLY),No,Day,Yes,Cross intersection,Other injury accident,50 km/hr,No,49189,146.15189,-38.21009
3401805,T20130013716,ABS to receive accident,Finished,2/07/2013,11.31.00,No,Collision with vehicle,Tuesday,RIGHT THROUGH,No,Day,Yes,Cross intersection,Other injury accident,50 km/hr,No,71971,144.36456,-38.14514
3401806,T20130013718,ABS to receive accident,Finished,2/07/2013,09.45.00,No,Collision with vehicle,Tuesday,RIGHT THROUGH,No,Day,Yes,T intersection,Other injury accident,60 km/hr,No,42704,145.03158,-37.99307
3401807,T20130013719,ABS to receive accident,Finished,2/07/2013,13.46.00,No,Collision with vehicle,Tuesday,VEHICLE STRIKES ANOTHER VEH WHILE EMERGING FROM DRIVEWAY,No,Day,Yes,Not at intersection,Serious injury accident,Not known,No,262020,145.24735,-37.803
3401808,T20130013730,ABS to receive accident,Finished,1/07/2013,18.30.00,Yes,Vehicle overturned (no collision),Monday,OUT OF CONTROL ON CARRIAGEWAY (ON STRAIGHT),No,Dark Street lights unknown,No,Not at intersection,Other injury accident,100 km/hr,No,261531,144.88809,-37.73424
3401809,T20130013838,ABS to receive accident,Finished,3/07/2013,18.50.00,Yes,Collision with a fixed object,Wednesday,RIGHT OFF CARRIAGEWAY INTO OBJECT/PARKED VEHICLE,No,Dark No street lights,Yes,Not at intersection,Other injury accident,110 km/hr,Yes,261570,144.94471,-37.54364
3401810,T20130013840,ABS to receive accident,Finished,3/07/2013,18.35.00,Yes,Collision with vehicle,Wednesday,REAR END(VEHICLES IN SAME LANE),No,Dark Street lights on,Yes,Not at intersection,Serious injury accident,80 km/hr,No,263932,145.01028,-37.83093
3401811,T20130013845,ABS to receive accident,Finished,3/07/2013,20.00.00,Yes,Collision with vehicle,Wednesday,VEHICLE STRIKES ANOTHER VEH WHILE EMERGING FROM DRIVEWAY,Yes,Dark Street lights on,Yes,Not at intersection,Serious injury accident,60 km/hr,No,269664,145.1894,-37.96099
3401812,T20130013848,ABS to receive accident,Finished,3/07/2013,20.20.00,Yes,Collision with vehicle,Wednesday,RIGHT THROUGH,No,Dark Street lights on,Yes,Cross intersection,Other injury accident,80 km/hr,No,44312,144.74708,-37.83944
3401813,T20130013849,ABS to receive accident,Finished,3/07/2013,22.10.00,Yes,Collision with vehicle,Wednesday,RIGHT NEAR (INTERSECTIONS ONLY),No,Dark Street lights on,Yes,T intersection,Other injury accident,70 km/hr,No,37233,144.69116,-37.86356
3401814,T20130013852,ABS to receive accident,Finished,4/07/2013,00.20.00,Yes,Collision with a fixed object,Thursday,LEFT OFF CARRIAGEWAY INTO OBJECT/PARKED VEHICLE,No,Dark Street lights on,Yes,Not at intersection,Serious injury accident,70 km/hr,Yes,265604,143.81991,-37.55135
3401815,T20130013856,ABS to receive accident,Finished,4/07/2013,06.35.00,No,Collision with vehicle,Thursday,REAR END(VEHICLES IN SAME LANE),No,Day,Yes,Not at intersection,Serious injury accident,80 km/hr,No,261641,145.26383,-38.06082
3401816,T20130013859,ABS to receive accident,Finished,4/07/2013,07.17.00,No,Collision with vehicle,Thursday,LEFT NEAR (INTERSECTIONS ONLY),No,Dusk/Dawn,Yes,T intersection,Other injury accident,50 km/hr,No,790,145.13712,-37.95621
3401817,T20130013869,ABS to receive accident,Finished,4/07/2013,09.00.00,No,Collision with a fixed object,Thursday,LEFT OFF CARRIAGEWAY INTO OBJECT/PARKED VEHICLE,No,Day,Yes,Not at intersection,Serious injury accident,50 km/hr,Yes,261642,143.14877,-38.23531
3401818,T20130013874,ABS to receive accident,Finished,4/07/2013,09.45.00,No,Collision with vehicle,Thursday,LEFT TURN SIDESWIPE,No,Day,No,T intersection,Other injury accident,60 km/hr,No,261657,145.00822,-37.81993
3401819,T20130013877,ABS to receive accident,Finished,4/07/2013,09.40.00,No,Collision with vehicle,Thursday,RIGHT TURN SIDESWIPE,No,Day,Yes,Not at intersection,Serious injury accident,60 km/hr,No,262037,145.193,-38.30549
3401820,T20130013885,ABS to receive accident,Finished,4/07/2013,11.45.00,No,Collision with vehicle,Thursday,RIGHT NEAR (INTERSECTIONS ONLY),No,Day,Yes,T intersection,Serious injury accident,70 km/hr,No,71426,144.34646,-38.09508
3401821,T20130013888,ABS to receive accident,Finished,4/07/2013,11.28.00,No,Struck Pedestrian,Thursday,PED NEAR SIDE. PED HIT BY VEHICLE FROM THE RIGHT.,Yes,Day,No,Cross intersection,Other injury accident,50 km/hr,No,45113,145.58839,-38.60516
3401822,T20130014022,ABS to receive accident,Finished,6/07/2013,13.04.00,No,Struck Pedestrian,Saturday,FAR SIDE. PED HIT BY VEHICLE FROM THE LEFT,No,Day,Yes,Not at intersection,Serious injury accident,60 km/hr,No,263606,144.77769,-37.87051
3401823,T20130014024,ABS to receive accident,Finished,6/07/2013,14.30.00,Yes,Collision with vehicle,Saturday,RIGHT NEAR (INTERSECTIONS ONLY),No,Day,Yes,T intersection,Other injury accident,50 km/hr,No,283345,145.42787,-37.21054
3401824,T20130014026,ABS to receive accident,Finished,6/07/2013,14.45.00,Yes,Collision with vehicle,Saturday,RIGHT THROUGH,No,Day,Yes,Cross intersection,Other injury accident,70 km/hr,No,233759,145.0195,-37.86255
3401825,T20130014027,ABS to receive accident,Finished,6/07/2013,14.51.00,Yes,Collision with a fixed object,Saturday,OTHER ACCIDENTS-OFF STRAIGHT NOT INCLUDED IN DCAs 170-175,No,Day,Yes,Dead end,Serious injury accident,50 km/hr,No,261851,145.06722,-37.94386
3401826,T20130014028,ABS to receive accident,Finished,6/07/2013,12.24.00,No,Collision with vehicle,Saturday,RIGHT THROUGH,No,Day,Yes,Cross intersection,Serious injury accident,60 km/hr,No,41317,144.91994,-37.74258
3401827,T20130014032,ABS to receive accident,Finished,6/07/2013,16.45.00,Yes,Collision with vehicle,Saturday,CROSS TRAFFIC(INTERSECTIONS ONLY),No,Day,Yes,Cross intersection,Other injury accident,70 km/hr,No,43598,145.16074,-38.19579
3401828,T20130014033,ABS to receive accident,Finished,6/07/2013,15.05.00,Yes,Collision with vehicle,Saturday,RIGHT THROUGH,No,Day,Yes,Cross intersection,Other injury accident,90 km/hr,No,44022,145.1456,-38.30009
3401829,T20130014034,ABS to receive accident,Finished,6/07/2013,17.50.00,Yes,Collision with vehicle,Saturday,CROSS TRAFFIC(INTERSECTIONS ONLY),No,Dark Street lights on,Yes,Cross intersection,Other injury accident,60 km/hr,No,36588,145.03814,-38.22147
3401830,T20130014035,ABS to receive accident,Finished,6/07/2013,17.50.00,Yes,Collision with vehicle,Saturday,VEHICLE COLLIDES WITH VEHICLE PARKED ON LEFT OF ROAD,No,Dark Street lights on,Yes,T intersection,Other injury accident,50 km/hr,No,62525,144.95365,-37.72307
3401831,T20130014037,ABS to receive accident,Finished,6/07/2013,15.45.00,Yes,Collision with vehicle,Saturday,U TURN,No,Day,Yes,Not at intersection,Serious injury accident,100 km/hr,No,261778,144.39163,-37.73881
3401832,T20130014039,ABS to receive accident,Finished,6/07/2013,18.00.00,Yes,Struck Pedestrian,Saturday,PED NEAR SIDE. PED HIT BY VEHICLE FROM THE RIGHT.,Yes,Dark Street lights on,Yes,T intersection,Other injury accident,60 km/hr,No,241846,145.02954,-37.7232
3401833,T20130014042,ABS to receive accident,Finished,6/07/2013,19.15.00,Yes,Collision with vehicle,Saturday,REAR END(VEHICLES IN SAME LANE),No,Dark Street lights on,Yes,Not at intersection,Other injury accident,100 km/hr,No,263275,145.32047,-38.02752
3401834,T20130014044,ABS to receive accident,Finished,6/07/2013,18.35.00,Yes,Collision with vehicle,Saturday,REAR END(VEHICLES IN SAME LANE),No,Dark Street lights on,Yes,T intersection,Other injury accident,80 km/hr,No,37362,144.77463,-37.696
3401835,T20130013894,ABS to receive accident,Finished,4/07/2013,14.10.00,No,Collision with vehicle,Thursday,LANE CHANGE RIGHT (NOT OVERTAKING),No,Day,Yes,Not at intersection,Other injury accident,60 km/hr,No,261571,145.0281,-37.80828
3401836,T20130013901,ABS to receive accident,Finished,4/07/2013,15.05.00,No,Collision with vehicle,Thursday,REAR END(VEHICLES IN SAME LANE),No,Day,Yes,Cross intersection,Other injury accident,80 km/hr,No,41745,145.14011,-37.91636
3401837,T20130013902,ABS to receive accident,Finished,4/07/2013,10.50.00,No,Struck Pedestrian,Thursday,PED NEAR SIDE. PED HIT BY VEHICLE FROM THE RIGHT.,No,Day,Yes,Cross intersection,Serious injury accident,50 km/hr,No,35355,144.96226,-37.81228
3401838,T20130013904,ABS to receive accident,Finished,4/07/2013,15.37.00,No,Collision with vehicle,Thursday,LANE CHANGE LEFT (NOT OVERTAKING),No,Day,Yes,Not at intersection,Other injury accident,40 km/hr,No,261659,144.98346,-37.80365
3401839,T20130013905,ABS to receive accident,Finished,4/07/2013,15.40.00,No,Struck Pedestrian,Thursday,PED ON FOOTHPATH STRUCK BY VEHENTERING/LEAVING DRIVEWAY.,No,Day,Yes,Not at intersection,Other injury accident,50 km/hr,No,261660,144.97452,-37.71082