OBJECTID,ACCIDENT_NO,ABS_CODE,ACCIDENT_STATUS,ACCIDENT_DATE,ACCIDENT_TIME,ALCOHOLTIME,ACCIDENT_TYPE,DAY_OF_WEEK,DCA_CODE,HIT_RUN_FLAG,LIGHT_CONDITION,POLICE_ATTEND,ROAD_GEOMETRY,SEVERITY,SPEED_ZONE,RUN_OFFROAD,NODE_ID,LONGITUDE,LATITUDE
3401936,T20130014063,ABS to receive accident,Finished,6/07/2013,19.35.00,Yes,Struck Pedestrian,Saturday,PED PLAYING/LYING/WORKING/STANDING ON CARRIAGEWAY.,No,Dark Street lights off,Yes,T intersection,Serious injury accident,70 km/hr,No,70180,145.10238,-37.96132
3401937,T20130014064,ABS to receive accident,Finished,7/07/2013,06.20.00,Yes,Collision with a fixed object,Sunday,LEFT OFF CARRIAGEWAY INTO OBJECT/PARKED VEHICLE,No,Dark Street lights on,Yes,T intersection,Other injury accident,80 km/hr,Yes,42880,145.14937,-37.96677
3401938,T20130014065,ABS to receive accident,Finished,7/07/2013,05.50.00,Yes,Collision with a fixed object,Sunday,LEFT OFF CARRIAGEWAY INTO OBJECT/PARKED VEHICLE,No,Dark Street lights on,Yes,Not at intersection,Serious injury accident,60 km/hr,Yes,237550,145.10139,-38.00045
3401939,T20130014069,ABS to receive accident,Finished,7/07/2013,07.55.00,Yes,Collision with vehicle,Sunday,VEHICLE COLLIDES WITH VEHICLE PARKED ON LEFT OF ROAD,No,Day,Yes,T intersection,Serious injury accident,60 km/hr,No,262173,144.97962,-37.87548
3401940,T20130014071,ABS to receive accident,Finished,7/07/2013,10.15.00,No,Collision with vehicle,Sunday,RIGHT NEAR (INTERSECTIONS ONLY),No,Day,Yes,T intersection,Other injury accident,60 km/hr,No,67660,145.02202,-37.86156
3401941,T20130014075,ABS to receive accident,Finished,6/07/2013,20.00.00,Yes,Struck Pedestrian,Saturday,FAR SIDE. PED HIT BY VEHICLE FROM THE LEFT,No,Dark Street lights on,Yes,T intersection,Serious injury accident,50 km/hr,No,263276,145.16924,-37.8956
3401942,T20130014077,ABS to receive accident,Finished,1/07/2013,17.00.00,No,No collision and no object struck,Monday,OUT OF CONTROL ON CARRIAGEWAY (ON STRAIGHT),No,Dusk/Dawn,No,T intersection,Serious injury accident,60 km/hr,No,38891,145.02508,-37.82141
3401943,T20130014078,ABS to receive accident,Finished,7/07/2013,10.35.00,No,No collision and no object struck,Sunday,OUT OF CONTROL ON CARRIAGEWAY (ON STRAIGHT),No,Day,Yes,Not at intersection,Serious injury accident,80 km/hr,No,261816,145.15941,-37.49091
3401944,T20130014083,ABS to receive accident,Finished,7/07/2013,13.00.00,No,Collision with vehicle,Sunday,LEFT FAR (INTERSECTIONS ONLY),No,Day,Yes,Cross intersection,Serious injury accident,60 km/hr,No,44574,145.04913,-37.73446
3401945,T20130014084,ABS to receive accident,Finished,4/07/2013,12.45.00,No,Collision with vehicle,Thursday,LANE CHANGE RIGHT (NOT OVERTAKING),No,Day,No,Not at intersection,Serious injury accident,Not known,No,263713,144.90217,-37.80452
3401946,T20130014085,ABS to receive accident,Finished,7/07/2013,08.00.00,Yes,Collision with a fixed object,Sunday,OFF LEFT BEND INTO OBJECT/PARKED VEHICLE,No,Day,Yes,Not at intersection,Other injury accident,60 km/hr,Yes,261798,147.62332,-37.81162
3401947,T20130014095,ABS to receive accident,Finished,7/07/2013,16.00.00,Yes,Collision with vehicle,Sunday,VEHICLE STRIKES ANOTHER VEH WHILE EMERGING FROM DRIVEWAY,No,Day,Yes,Not at intersection,Other injury accident,50 km/hr,No,261734,145.08287,-37.82647
3401948,T20130014096,ABS to receive accident,Finished,7/07/2013,15.28.00,No,Collision with a fixed object,Sunday,LEFT OFF CARRIAGEWAY INTO OBJECT/PARKED VEHICLE,No,Day,Yes,T intersection,Fatal accident,100 km/hr,Yes,263149,145.44401,-37.23424
3401949,T20130014101,ABS to receive accident,Finished,7/07/2013,18.29.00,Yes,Collision with vehicle,Sunday,REAR END(VEHICLES IN SAME LANE),No,Dusk/Dawn,Yes,T intersection,Other injury accident,60 km/hr,No,44189,145.00838,-37.71207
3401950,T20130014103,ABS to receive accident,Finished,7/07/2013,20.25.00,Yes,Collision with vehicle,Sunday,RIGHT REAR.,No,Dark Street lights on,Yes,T intersection,Other injury accident,60 km/hr,No,41934,145.28446,-37.88253
3401951,T20130014104,ABS to receive accident,Finished,7/07/2013,20.30.00,Yes,Collision with a fixed object,Sunday,LEFT OFF CARRIAGEWAY INTO OBJECT/PARKED VEHICLE,No,Dark Street lights unknown,Yes,Not at intersection,Other injury accident,60 km/hr,Yes,261735,144.93896,-37.58366
3401952,T20130014106,ABS to receive accident,Finished,3/07/2013,16.10.00,No,Collision with vehicle,Wednesday,VEHICLE STRIKES DOOR OF PARKED/STATIONARY VEHICLE,No,Day,No,Not at intersection,Other injury accident,50 km/hr,No,261669,144.3602,-38.14846
3401953,T20130014108,ABS to receive accident,Finished,7/07/2013,03.10.00,Yes,No collision and no object struck,Sunday,OUT OF CONTROL ON CARRIAGEWAY (ON STRAIGHT),No,Dark Street lights on,Yes,T intersection,Serious injury accident,60 km/hr,No,45390,144.92088,-37.77224
3401954,T20130014111,ABS to receive accident,Finished,8/07/2013,00.12.00,Yes,Collision with a fixed object,Monday,OFF RIGHT BEND INTO OBJECT/PARKED VEHICLE,No,Dark Street lights on,Yes,Not at intersection,Other injury accident,80 km/hr,Yes,262650,144.96454,-37.82772
3401955,T20130014112,ABS to receive accident,Finished,8/07/2013,00.50.00,Yes,Struck Pedestrian,Sunday,PED PLAYING/LYING/WORKING/STANDING ON CARRIAGEWAY.,No,Dark Street lights on,Yes,T intersection,Other injury accident,50 km/hr,No,278614,144.91962,-37.61768
3401956,T20130014114,ABS to receive accident,Finished,8/07/2013,07.00.00,No,Collision with a fixed object,Monday,OFF RIGHT BEND INTO OBJECT/PARKED VEHICLE,No,Dusk/Dawn,Yes,Not at intersection,Other injury accident,80 km/hr,Yes,261738,143.9204,-37.55964
3401957,T20130014115,ABS to receive accident,Finished,8/07/2013,07.22.00,No,Struck animal,Monday,STRUCK ANIMAL,No,Dusk/Dawn,Yes,Not at intersection,Other injury accident,100 km/hr,No,261739,142.42082,-38.20908
3401958,T20130014118,ABS to receive accident,Finished,8/07/2013,07.35.00,No,Collision with vehicle,Monday,HEAD ON (NOT OVERTAKING),No,Day,Yes,Not at intersection,Other injury accident,100 km/hr,No,262732,142.85536,-38.28626
3401959,T20130014119,ABS to receive accident,Finished,8/07/2013,09.00.00,No,Collision with vehicle,Monday,RIGHT THROUGH,No,Day,Yes,Cross intersection,Other injury accident,60 km/hr,No,50626,143.58441,-38.3494
3401960,T20130014120,ABS to receive accident,Finished,8/07/2013,09.15.00,No,Collision with vehicle,Monday,VEHICLE STRIKES DOOR OF PARKED/STATIONARY VEHICLE,No,Day,No,Not at intersection,Other injury accident,60 km/hr,No,261835,144.97155,-37.77237
3401961,T20130014121,ABS to receive accident,Finished,8/07/2013,07.40.00,No,Collision with a fixed object,Monday,OFF RIGHT BEND INTO OBJECT/PARKED VEHICLE,No,Day,Yes,Not at intersection,Other injury accident,80 km/hr,Yes,261740,144.52582,-37.33781
3401962,T20130014122,ABS to receive accident,Finished,8/07/2013,08.35.00,No,Collision with a fixed object,Monday,RIGHT OFF CARRIAGEWAY INTO OBJECT/PARKED VEHICLE,No,Day,Yes,Not at intersection,Other injury accident,60 km/hr,Yes,261741,144.47217,-37.25758
3401963,T20130014123,ABS to receive accident,Finished,8/07/2013,09.12.00,No,Struck Pedestrian,Monday,PED NEAR SIDE. PED HIT BY VEHICLE FROM THE RIGHT.,No,Day,Yes,Cross intersection,Serious injury accident,60 km/hr,No,54854,145.93945,-38.16142
3401964,T20130014125,ABS to receive accident,Finished,8/07/2013,09.20.00,No,Collision with vehicle,Monday,CROSS TRAFFIC(INTERSECTIONS ONLY),No,Day,Yes,Cross intersection,Other injury accident,60 km/hr,No,610,145.09561,-37.85039
3401965,T20130014128,ABS to receive accident,Finished,8/07/2013,10.00.00,No,Struck Pedestrian,Monday,PED NEAR SIDE. PED HIT BY VEHICLE FROM THE RIGHT.,No,Day,Yes,Not at intersection,Other injury accident,40 km/hr,No,261744,144.96179,-37.76903
3401966,T20130014129,ABS to receive accident,Finished,8/07/2013,08.22.00,No,Collision with vehicle,Monday,REVERSING IN STREAM OF TRAFFIC,No,Day,Yes,T intersection,Other injury accident,50 km/hr,No,261745,145.26088,-38.02898
3401967,T20130014131,ABS to receive accident,Finished,8/07/2013,07.05.00,No,Collision with vehicle,Monday,HEAD ON (NOT OVERTAKING),No,Dusk/Dawn,Yes,T intersection,Other injury accident,80 km/hr,No,261746,144.17784,-38.04509
3401968,T20130014136,ABS to receive accident,Finished,8/07/2013,10.40.00,No,Collision with vehicle,Monday,REAR END(VEHICLES IN SAME LANE),No,Day,Yes,Not at intersection,Other injury accident,70 km/hr,No,261747,145.24372,-37.81082
3401969,T20130014138,ABS to receive accident,Finished,7/07/2013,16.00.00,Yes,Collision with vehicle,Sunday,REAR END(VEHICLES IN SAME LANE),No,Day,No,Not at intersection,Other injury accident,80 km/hr,No,208459,144.94183,-37.82555
3401970,T20130014139,ABS to receive accident,Finished,8/07/2013,10.05.00,No,Struck Pedestrian,Monday,PED NEAR SIDE. PED HIT BY VEHICLE FROM THE RIGHT.,No,Day,Yes,T intersection,Serious injury accident,70 km/hr,No,41788,145.16636,-37.87686
3401971,T20130014143,ABS to receive accident,Finished,8/07/2013,06.11.00,No,Collision with a fixed object,Monday,LEFT OFF CARRIAGEWAY INTO OBJECT/PARKED VEHICLE,No,Dark Street lights on,Yes,Not at intersection,Other injury accident,60 km/hr,Yes,261748,144.8472,-37.83742
3401972,T20130014147,ABS to receive accident,Finished,8/07/2013,12.25.00,No,Collision with vehicle,Monday,RIGHT REAR.,No,Day,Yes,T intersection,Serious injury accident,100 km/hr,No,60581,145.08689,-37.46076
3401973,T20130014149,ABS to receive accident,Finished,8/07/2013,13.20.00,No,Collision with vehicle,Monday,CROSS TRAFFIC(INTERSECTIONS ONLY),No,Day,Yes,Cross intersection,Other injury accident,80 km/hr,No,50414,145.46147,-38.50013
3401974,T20130014154,ABS to receive accident,Finished,6/07/2013,13.20.00,No,Vehicle overturned (no collision),Saturday,OUT OF CONTROL ON CARRIAGEWAY (ON BEND),No,Day,Yes,T intersection,Other injury accident,50 km/hr,No,261988,145.27313,-37.90466
3401975,T20130014155,ABS to receive accident,Finished,8/07/2013,15.00.00,No,Collision with vehicle,Monday,CROSS TRAFFIC(INTERSECTIONS ONLY),No,Day,Yes,Cross intersection,Other injury accident,50 km/hr,No,63401,144.8957,-37.75181
3401976,T20130014157,ABS to receive accident,Finished,8/07/2013,11.00.00,No,Vehicle overturned (no collision),Monday,OUT OF CONTROL ON CARRIAGEWAY (ON BEND),No,Day,Yes,Cross intersection,Serious injury accident,100 km/hr,No,50805,145.43188,-35.92545
3401977,T20130014168,ABS to receive accident,Finished,8/07/2013,16.30.00,No,Collision with vehicle,Monday,REAR END(VEHICLES IN SAME LANE),No,Day,Yes,T intersection,Other injury accident,80 km/hr,No,41877,145.23644,-37.9107
3401978,T20130014169,ABS to receive accident,Finished,8/07/2013,18.45.00,Yes,Struck Pedestrian,Monday,PED NEAR SIDE. PED HIT BY VEHICLE FROM THE RIGHT.,No,Dark Street lights on,Yes,T intersection,Other injury accident,60 km/hr,No,38904,145.02909,-37.8055
3401979,T20130014171,ABS to receive accident,Finished,8/07/2013,18.20.00,Yes,Collision with vehicle,Monday,REAR END(VEHICLES IN SAME LANE),No,Dark Street lights on,Yes,Multiple intersection,Serious injury accident,60 km/hr,No,61359,145.51329,-37.66259
3401980,T20130014172,ABS to receive accident,Finished,8/07/2013,17.30.00,No,Collision with a fixed object,Monday,LEFT OFF CARRIAGEWAY INTO OBJECT/PARKED VEHICLE,No,Dark No street lights,Yes,Not at intersection,Other injury accident,100 km/hr,Yes,262038,144.60615,-37.0382
3401981,T20130014174,ABS to receive accident,Finished,7/07/2013,16.50.00,Yes,Collision with vehicle,Sunday,RIGHT THROUGH,No,Day,No,T intersection,Serious injury accident,80 km/hr,No,261716,145.22411,-38.20946
3401982,T20130014176,ABS to receive accident,Finished,8/07/2013,20.15.00,Yes,Collision with vehicle,Monday,RIGHT NEAR (INTERSECTIONS ONLY),No,Dark Street lights on,Yes,T intersection,Other injury accident,40 km/hr,No,46942,145.03771,-37.91832
3401983,T20130014177,ABS to receive accident,Finished,8/07/2013,08.20.00,No,Vehicle overturned (no collision),Monday,OUT OF CONTROL ON CARRIAGEWAY (ON STRAIGHT),No,Day,No,Cross intersection,Other injury accident,50 km/hr,No,52755,143.82355,-37.53222
3401984,T20130014182,ABS to receive accident,Finished,3/07/2013,21.40.00,Yes,Collision with vehicle,Wednesday,LEFT FAR (INTERSECTIONS ONLY),Yes,Dark Street lights on,Yes,T intersection,Serious injury accident,50 km/hr,No,263567,145.29454,-38.07881
3401985,T20130014184,ABS to receive accident,Finished,9/07/2013,05.00.00,Yes,Collision with vehicle,Tuesday,RIGHT THROUGH,No,Dark Street lights on,Yes,T intersection,Other injury accident,70 km/hr,No,57595,145.09073,-37.9697
3401986,T20130014186,ABS to receive accident,Finished,8/07/2013,13.10.00,No,Collision with vehicle,Monday,CROSS TRAFFIC(INTERSECTIONS ONLY),No,Day,Yes,Cross intersection,Other injury accident,50 km/hr,No,50612,143.58108,-38.34147
3401987,T20130014187,ABS to receive accident,Finished,9/07/2013,08.12.00,No,Collision with vehicle,Tuesday,LEFT NEAR (INTERSECTIONS ONLY),No,Day,Yes,T intersection,Serious injury accident,80 km/hr,No,70435,145.06668,-37.97673
3401988,T20130014188,ABS to receive accident,Finished,9/07/2013,09.00.00,No,Struck Pedestrian,Tuesday,ANY MANOEUVRE INVOLVING PED NOT INCLUDED IN DCAs 100-108.,Yes,Day,Yes,Not at intersection,Other injury accident,40 km/hr,No,262039,144.9253,-37.76842
3401989,T20130014189,ABS to receive accident,Finished,9/07/2013,06.50.00,No,Collision with vehicle,Tuesday,HEAD ON (NOT OVERTAKING),No,Dusk/Dawn,Yes,Not at intersection,Serious injury accident,100 km/hr,No,261730,145.06372,-37.44271
3401990,T20130014191,ABS to receive accident,Finished,9/07/2013,10.30.00,No,Collision with vehicle,Tuesday,RIGHT NEAR (INTERSECTIONS ONLY),No,Day,Yes,Cross intersection,Other injury accident,60 km/hr,No,38820,144.92296,-37.78918
3401991,T20130014192,ABS to receive accident,Finished,9/07/2013,08.50.00,No,Collision with vehicle,Monday,VEHICLE COLLIDES WITH VEHICLE PARKED ON LEFT OF ROAD,No,Day,Yes,Not at intersection,Other injury accident,70 km/hr,No,278615,145.32749,-38.10314
3401992,T20130014201,ABS to receive accident,Finished,8/07/2013,22.05.00,Yes,Collision with vehicle,Monday,CROSS TRAFFIC(INTERSECTIONS ONLY),No,Dark Street lights on,No,Cross intersection,Other injury accident,50 km/hr,No,43747,144.58575,-37.68301
3401993,T20130014206,ABS to receive accident,Finished,9/07/2013,11.30.00,No,Collision with vehicle,Tuesday,HEAD ON (NOT OVERTAKING),No,Day,Yes,T intersection,Serious injury accident,60 km/hr,No,42785,145.06968,-37.96711
3401994,T20130014208,ABS to receive accident,Finished,9/07/2013,11.45.00,No,Collision with vehicle,Tuesday,PULLING OUT (OVERTAKING),No,Day,Yes,T intersection,Serious injury accident,60 km/hr,No,71734,145.13403,-38.12415
3401995,T20130014210,ABS to receive accident,Finished,6/07/2013,00.30.00,Yes,Vehicle overturned (no collision),Saturday,OUT OF CONTROL ON CARRIAGEWAY (ON STRAIGHT),No,Dark No street lights,No,Not at intersection,Serious injury accident,Not known,No,261717,147.26383,-37.5377
3401996,T20130014212,ABS to receive accident,Finished,4/07/2013,01.00.00,Yes,Collision with a fixed object,Thursday,LEFT OFF CARRIAGEWAY INTO OBJECT/PARKED VEHICLE,No,Dark Street lights on,Yes,Not at intersection,Other injury accident,80 km/hr,Yes,261864,147.84067,-37.87477
3401997,T20130014213,ABS to receive accident,Finished,9/07/2013,07.55.00,No,Collision with a fixed object,Tuesday,LEFT OFF CARRIAGEWAY INTO OBJECT/PARKED VEHICLE,No,Day,Yes,Not at intersection,Serious injury accident,100 km/hr,Yes,263645,145.71989,-38.37476
3401998,T20130014214,ABS to receive accident,Finished,7/07/2013,10.00.00,Yes,Collision with vehicle,Sunday,REAR END(VEHICLES IN SAME LANE),No,Day,No,Not at intersection,Other injury accident,Not known,No,261737,144.77417,-37.77801
3401999,T20130014215,ABS to receive accident,Finished,8/07/2013,15.40.00,No,Collision with vehicle,Monday,VEHICLE STRIKES DOOR OF PARKED/STATIONARY VEHICLE,No,Day,No,Cross intersection,Other injury accident,50 km/hr,No,216,144.96068,-37.81496
3402000,T20130014216,ABS to receive accident,Finished,9/07/2013,09.40.00,No,Collision with vehicle,Tuesday,VEHICLE STRIKES ANOTHER VEH WHILE EMERGING FROM DRIVEWAY,No,Day,Yes,Not at intersection,Serious injury accident,70 km/hr,No,261742,147.87042,-37.82299
3402001,T20130014218,ABS to receive accident,Finished,5/07/2013,18.50.00,Yes,Struck Pedestrian,Friday,ANY MANOEUVRE INVOLVING PED NOT INCLUDED IN DCAs 100-108.,No,Dark Street lights unknown,No,T intersection,Other injury accident,50 km/hr,No,261865,144.74588,-37.87674
3402002,T20130014219,ABS to receive accident,Finished,9/07/2013,13.15.00,No,Collision with a fixed object,Tuesday,RIGHT OFF CARRIAGEWAY INTO OBJECT/PARKED VEHICLE,No,Day,Yes,Not at intersection,Serious injury accident,80 km/hr,Yes,261874,145.17905,-37.95324
3402003,T20130014220,ABS to receive accident,Finished,9/07/2013,13.00.00,No,Collision with vehicle,Tuesday,TWO RIGHT TURNING (INTERSECTIONS ONLY),No,Day,Yes,Multiple intersection,Other injury accident,50 km/hr,No,39758,145.28121,-37.79445
3402004,T20130014309,ABS to receive accident,Finished,10/07/2013,13.40.00,No,Collision with vehicle,Wednesday,REVERSING INTO FIXED OBJECT/PARKED VEHICLE,No,Day,Yes,Not at intersection,Serious injury accident,50 km/hr,No,263010,145.01735,-37.67324
3402005,T20130014312,ABS to receive accident,Finished,9/07/2013,16.00.00,No,Vehicle overturned (no collision),Tuesday,OUT OF CONTROL ON CARRIAGEWAY (ON STRAIGHT),No,Day,No,Not at intersection,Other injury accident,100 km/hr,No,261751,145.64954,-37.30403
3402006,T20130014315,ABS to receive accident,Finished,10/07/2013,15.24.00,No,Collision with vehicle,Wednesday,REAR END(VEHICLES IN SAME LANE),No,Day,Yes,Not at intersection,Serious injury accident,80 km/hr,No,262120,144.93117,-37.82262
3402007,T20130014317,ABS to receive accident,Finished,10/07/2013,16.10.00,No,Collision with vehicle,Wednesday,REAR END(VEHICLES IN SAME LANE),Yes,Day,Yes,Not at intersection,Other injury accident,100 km/hr,No,261753,145.16967,-37.91628
3402008,T20130014319,ABS to receive accident,Finished,10/07/2013,17.31.00,No,Collision with vehicle,Wednesday,REAR END(VEHICLES IN SAME LANE),No,Dusk/Dawn,No,Cross intersection,Other injury accident,60 km/hr,No,44593,143.83663,-37.57275
3402009,T20130014320,ABS to receive accident,Finished,10/07/2013,16.05.00,No,Collision with vehicle,Wednesday,REAR END(VEHICLES IN SAME LANE),No,Day,No,Not at intersection,Serious injury accident,100 km/hr,No,262153,145.1884,-37.93192
3402010,T20130014321,ABS to receive accident,Finished,10/07/2013,09.25.00,No,Collision with vehicle,Wednesday,REAR END(VEHICLES IN SAME LANE),No,Day,No,Not at intersection,Other injury accident,70 km/hr,No,263170,145.18827,-37.83645
3402011,T20130014322,ABS to receive accident,Finished,10/07/2013,15.55.00,No,Collision with vehicle,Wednesday,CROSS TRAFFIC(INTERSECTIONS ONLY),No,Day,Yes,Cross intersection,Other injury accident,50 km/hr,No,52923,143.85216,-37.5678
3402012,T20130014323,ABS to receive accident,Finished,10/07/2013,16.00.00,No,Collision with vehicle,Wednesday,REAR END(VEHICLES IN SAME LANE),No,Day,Yes,T intersection,Other injury accident,70 km/hr,No,41552,145.08938,-37.887
3402013,T20130014324,ABS to receive accident,Finished,10/07/2013,17.40.00,No,Collision with vehicle,Wednesday,RIGHT THROUGH,No,Dark Street lights on,Yes,Cross intersection,Other injury accident,60 km/hr,No,46674,144.80404,-37.81486
3402014,T20130014325,ABS to receive accident,Finished,10/07/2013,11.20.00,No,Collision with vehicle,Wednesday,HEAD ON (NOT OVERTAKING),No,Day,Yes,Not at intersection,Fatal accident,100 km/hr,No,263771,142.90031,-38.19719
3402015,T20130014328,ABS to receive accident,Finished,9/07/2013,13.15.00,No,No collision and no object struck,Tuesday,OUT OF CONTROL ON CARRIAGEWAY (ON STRAIGHT),No,Unk.,No,T intersection,Other injury accident,40 km/hr,No,37938,145.0011,-37.75556
3402016,T20130014329,ABS to receive accident,Finished,10/07/2013,17.18.00,No,Collision with vehicle,Wednesday,CROSS TRAFFIC(INTERSECTIONS ONLY),No,Day,Yes,Cross intersection,Serious injury accident,60 km/hr,No,59239,141.24103,-36.37897
3402017,T20130014430,ABS to receive accident,Finished,11/07/2013,07.24.00,No,Struck Pedestrian,Thursday,FAR SIDE. PED HIT BY VEHICLE FROM THE LEFT,No,Day,No,Cross intersection,Other injury accident,Not known,No,241,144.97297,-37.80924
3402018,T20130014431,ABS to receive accident,Finished,10/07/2013,18.00.00,Yes,Collision with vehicle,Wednesday,RIGHT THROUGH,No,Dark Street lights on,No,T intersection,Other injury accident,60 km/hr,No,40053,144.96458,-37.85569
3402019,T20130014435,ABS to receive accident,Finished,12/07/2013,13.59.00,No,Collision with vehicle,Friday,CROSS TRAFFIC(INTERSECTIONS ONLY),No,Day,Yes,Cross intersection,Serious injury accident,90 km/hr,No,44092,145.1456,-38.33882
3402020,T20130014437,ABS to receive accident,Finished,12/07/2013,08.36.00,No,Struck Pedestrian,Friday,PED NEAR SIDE. PED HIT BY VEHICLE FROM THE RIGHT.,No,Day,Yes,Cross intersection,Serious injury accident,50 km/hr,No,64042,144.86237,-37.7703
3402021,T20130014438,ABS to receive accident,Finished,10/07/2013,08.40.00,No,Collision with a fixed object,Wednesday,OFF LEFT BEND INTO OBJECT/PARKED VEHICLE,No,Day,No,Not at intersection,Other injury accident,100 km/hr,Yes,262364,143.46266,-38.6536
3402022,T20130014443,ABS to receive accident,Finished,10/07/2013,16.15.00,No,Struck Pedestrian,Tuesday,FAR SIDE. PED HIT BY VEHICLE FROM THE LEFT,Yes,Day,No,Cross intersection,Other injury accident,60 km/hr,No,37447,144.94761,-37.83453
3402023,T20130014445,ABS to receive accident,Finished,12/07/2013,14.00.00,No,Collision with vehicle,Friday,LANE CHANGE LEFT (NOT OVERTAKING),Yes,Day,No,T intersection,Other injury accident,Not known,No,42935,145.17221,-37.99098
3402024,T20130014449,ABS to receive accident,Finished,12/07/2013,15.45.00,No,Collision with vehicle,Friday,CROSS TRAFFIC(INTERSECTIONS ONLY),No,Day,Yes,Cross intersection,Serious injury accident,100 km/hr,No,50264,144.37017,-38.22333
3402025,T20130014453,ABS to receive accident,Finished,12/07/2013,18.00.00,Yes,Collision with vehicle,Friday,RIGHT NEAR (INTERSECTIONS ONLY),No,Dark No street lights,Yes,T intersection,Other injury accident,60 km/hr,No,20786,147.06762,-38.1173
3402026,T20130014455,ABS to receive accident,Finished,12/07/2013,18.24.00,Yes,Struck Pedestrian,Friday,FAR SIDE. PED HIT BY VEHICLE FROM THE LEFT,No,Dark Street lights on,Yes,T intersection,Other injury accident,60 km/hr,No,42736,145.05435,-37.97246
3402027,T20130014458,ABS to receive accident,Finished,12/07/2013,16.15.00,Yes,Collision with vehicle,Friday,RIGHT THROUGH,Yes,Day,Yes,T intersection,Other injury accident,60 km/hr,No,40134,144.99125,-37.86343
3402028,T20130014462,ABS to receive accident,Finished,12/07/2013,19.30.00,Yes,Fall from or in moving vehicle,Friday,FELL IN/FROM VEHICLE,No,Dark Street lights on,Yes,Not at intersection,Other injury accident,50 km/hr,No,263302,145.84856,-38.13137
3402029,T20130014466,ABS to receive accident,Finished,12/07/2013,23.02.00,Yes,Collision with a fixed object,Friday,LEFT OFF CARRIAGEWAY INTO OBJECT/PARKED VEHICLE,No,Dark No street lights,Yes,Not at intersection,Other injury accident,100 km/hr,Yes,263405,146.04364,-37.0445
3402030,T20130014330,ABS to receive accident,Finished,10/07/2013,10.45.00,No,Struck Pedestrian,Wednesday,PED ON FOOTHPATH STRUCK BY VEHENTERING/LEAVING DRIVEWAY.,No,Day,No,T intersection,Other injury accident,50 km/hr,No,263278,145.31278,-37.75561