OBJECTID,ACCIDENT_NO,ABS_CODE,ACCIDENT_STATUS,ACCIDENT_DATE,ACCIDENT_TIME,ALCOHOLTIME,ACCIDENT_TYPE,DAY_OF_WEEK,DCA_CODE,HIT_RUN_FLAG,LIGHT_CONDITION,POLICE_ATTEND,ROAD_GEOMETRY,SEVERITY,SPEED_ZONE,RUN_OFFROAD,NODE_ID,LONGITUDE,LATITUDE
3402031,T20130014334,ABS to receive accident,Finished,10/07/2013,16.25.00,No,Collision with vehicle,Wednesday,REAR END(VEHICLES IN SAME LANE),No,Day,Yes,Not at intersection,Other injury accident,80 km/hr,No,261754,144.95168,-37.64671
3402032,T20130014335,ABS to receive accident,Finished,10/07/2013,22.10.00,Yes,Collision with vehicle,Wednesday,RIGHT THROUGH,No,Dark Street lights on,Yes,Cross intersection,Other injury accident,60 km/hr,No,39697,145.25404,-37.79788
3402033,T20130014337,ABS to receive accident,Finished,10/07/2013,19.30.00,Yes,Struck Pedestrian,Wednesday,PED WALKING WITH TRAFFIC,Yes,Dark Street lights on,Yes,Not at intersection,Serious injury accident,50 km/hr,No,275907,144.40751,-38.17176
3402034,T20130014338,ABS to receive accident,Finished,10/07/2013,23.56.00,Yes,Collision with a fixed object,Wednesday,LEFT OFF CARRIAGEWAY INTO OBJECT/PARKED VEHICLE,No,Dark Street lights on,Yes,Not at intersection,Other injury accident,100 km/hr,Yes,261755,145.06449,-37.87021
3402035,T20130014340,ABS to receive accident,Finished,10/07/2013,23.55.00,Yes,Collision with vehicle,Tuesday,UNKNOWN-NO DETAILS ON MANOEUVRES OF ROAD-USERS IN ACCIDENT,No,Dark Street lights on,Yes,Cross intersection,Other injury accident,80 km/hr,No,24378,145.45527,-38.06193
3402036,T20130014341,ABS to receive accident,Finished,10/07/2013,23.30.00,Yes,Vehicle overturned (no collision),Wednesday,OUT OF CONTROL ON CARRIAGEWAY (ON STRAIGHT),No,Dark No street lights,Yes,Not at intersection,Serious injury accident,50 km/hr,No,262087,144.76909,-37.71179
3402037,T20130014343,ABS to receive accident,Finished,11/07/2013,04.10.00,Yes,Collision with a fixed object,Thursday,OFF RIGHT BEND INTO OBJECT/PARKED VEHICLE,No,Dark No street lights,Yes,Not at intersection,Serious injury accident,100 km/hr,Yes,261830,143.80213,-36.75777
3402038,T20130014344,ABS to receive accident,Finished,10/07/2013,14.36.00,No,Collision with vehicle,Wednesday,LEFT NEAR (INTERSECTIONS ONLY),No,Day,Yes,T intersection,Other injury accident,60 km/hr,No,46046,144.99361,-37.79598
3402039,T20130014345,ABS to receive accident,Finished,10/07/2013,14.25.00,No,Collision with vehicle,Wednesday,LEAVING PARKING,No,Day,Yes,Not at intersection,Other injury accident,40 km/hr,No,261839,145.16259,-37.8818
3402040,T20130014347,ABS to receive accident,Finished,11/07/2013,07.20.00,No,Collision with vehicle,Thursday,REAR END(VEHICLES IN SAME LANE),No,Day,Yes,Not at intersection,Other injury accident,100 km/hr,No,263279,144.80846,-37.8161
3402041,T20130014349,ABS to receive accident,Finished,10/07/2013,20.00.00,Yes,Collision with vehicle,Wednesday,LEFT TURN SIDESWIPE,No,Unk.,No,T intersection,Other injury accident,70 km/hr,No,40121,144.98622,-37.86571
3402042,T20130014350,ABS to receive accident,Finished,11/07/2013,09.53.00,No,Struck Pedestrian,Thursday,PED NEAR SIDE. PED HIT BY VEHICLE FROM THE RIGHT.,No,Day,Yes,Not at intersection,Serious injury accident,60 km/hr,No,261875,145.00124,-37.75964
3402043,T20130014351,ABS to receive accident,Finished,11/07/2013,08.54.00,No,Collision with vehicle,Thursday,RIGHT THROUGH,No,Day,Yes,Not at intersection,Other injury accident,60 km/hr,No,261757,144.93268,-37.79473
3402044,T20130014352,ABS to receive accident,Finished,11/07/2013,07.20.00,No,Collision with a fixed object,Thursday,OFF RIGHT BEND INTO OBJECT/PARKED VEHICLE,No,Day,Yes,Not at intersection,Other injury accident,100 km/hr,Yes,262238,143.85695,-37.51392
3402045,T20130014353,ABS to receive accident,Finished,11/07/2013,09.30.00,No,Collision with vehicle,Thursday,REAR END(VEHICLES IN SAME LANE),No,Day,Yes,Not at intersection,Other injury accident,60 km/hr,No,262560,144.73704,-37.74033
3402046,T20130014354,ABS to receive accident,Finished,10/07/2013,16.18.00,No,Collision with vehicle,Wednesday,VEHICLE COLLIDES WITH VEHICLE PARKED ON LEFT OF ROAD,No,Day,Yes,Not at intersection,Serious injury accident,60 km/hr,No,263392,145.18476,-37.97949
3402047,T20130014355,ABS to receive accident,Finished,11/07/2013,10.48.00,No,Collision with vehicle,Thursday,RIGHT NEAR (INTERSECTIONS ONLY),No,Day,Yes,T intersection,Serious injury accident,90 km/hr,No,50755,143.6274,-38.32491
3402048,T20130014356,ABS to receive accident,Finished,11/07/2013,06.45.00,No,Collision with vehicle,Thursday,LEFT NEAR (INTERSECTIONS ONLY),No,Dusk/Dawn,No,Cross intersection,Other injury accident,50 km/hr,No,19436,144.28611,-36.76384
3402049,T20130014357,ABS to receive accident,Finished,11/07/2013,12.13.00,No,Struck Pedestrian,Thursday,PED ON FOOTHPATH STRUCK BY VEHENTERING/LEAVING DRIVEWAY.,No,Day,Yes,Not at intersection,Other injury accident,Camping grounds or off road,No,261801,144.93853,-37.70497
3402050,T20130014358,ABS to receive accident,Finished,11/07/2013,10.40.00,No,Collision with vehicle,Thursday,CROSS TRAFFIC(INTERSECTIONS ONLY),No,Day,Yes,Cross intersection,Other injury accident,60 km/hr,No,30022,143.87035,-37.56205
3402051,T20130014359,ABS to receive accident,Finished,4/07/2013,14.30.00,No,collision with some other object,Thursday,STRUCK OBJECT ON CARRIAGEWAY,No,Day,No,Not at intersection,Serious injury accident,100 km/hr,No,262172,141.07385,-35.86776
3402052,T20130014360,ABS to receive accident,Finished,11/07/2013,11.52.00,No,Collision with vehicle,Thursday,RIGHT NEAR (INTERSECTIONS ONLY),No,Day,Yes,T intersection,Other injury accident,60 km/hr,No,45350,144.91648,-37.75696
3402053,T20130014365,ABS to receive accident,Finished,9/07/2013,08.15.00,No,Collision with vehicle,Tuesday,REAR END(VEHICLES IN SAME LANE),No,Day,No,Cross intersection,Other injury accident,60 km/hr,No,29821,144.86894,-37.78287
3402054,T20130014368,ABS to receive accident,Finished,11/07/2013,09.45.00,No,Collision with vehicle,Thursday,RIGHT TURN SIDESWIPE,No,Day,Yes,Not at intersection,Other injury accident,100 km/hr,No,263987,143.74557,-36.04164
3402055,T20130014370,ABS to receive accident,Finished,9/07/2013,18.00.00,Yes,Collision with vehicle,Tuesday,REAR END(VEHICLES IN SAME LANE),No,Dusk/Dawn,No,Cross intersection,Other injury accident,80 km/hr,No,35561,145.1271,-37.9144
3402056,T20130014371,ABS to receive accident,Finished,11/07/2013,15.05.00,No,Collision with vehicle,Thursday,LEFT NEAR (INTERSECTIONS ONLY),No,Day,Yes,Cross intersection,Other injury accident,60 km/hr,No,15198,146.88692,-36.13138
3402057,T20130014373,ABS to receive accident,Finished,4/07/2013,23.45.00,Yes,Struck Pedestrian,Thursday,PED ON FOOTHPATH STRUCK BY VEHENTERING/LEAVING DRIVEWAY.,No,Dark Street lights on,No,Not at intersection,Other injury accident,50 km/hr,No,262895,144.99804,-37.88391
3402058,T20130014376,ABS to receive accident,Finished,8/07/2013,17.00.00,No,No collision and no object struck,Monday,OUT OF CONTROL ON CARRIAGEWAY (ON STRAIGHT),No,Day,No,T intersection,Other injury accident,50 km/hr,No,43453,145.12614,-38.14205
3402059,T20130014381,ABS to receive accident,Finished,11/07/2013,14.45.00,No,Collision with vehicle,Thursday,CROSS TRAFFIC(INTERSECTIONS ONLY),Yes,Day,Yes,Cross intersection,Serious injury accident,60 km/hr,No,49658,144.34839,-38.07292
3402060,T20130014382,ABS to receive accident,Finished,11/07/2013,17.10.00,No,Collision with vehicle,Thursday,RIGHT NEAR (INTERSECTIONS ONLY),No,Day,Yes,Cross intersection,Other injury accident,60 km/hr,No,44103,145.18762,-38.33879
3402061,T20130014384,ABS to receive accident,Finished,11/07/2013,18.00.00,Yes,Collision with vehicle,Thursday,REAR END(VEHICLES IN SAME LANE),No,Dark Street lights on,Yes,Not at intersection,Serious injury accident,100 km/hr,No,262427,145.23371,-38.10652
3402062,T20130014385,ABS to receive accident,Finished,11/07/2013,18.12.00,Yes,Collision with vehicle,Thursday,REAR END(VEHICLES IN SAME LANE),No,Dark Street lights on,Yes,Not at intersection,Serious injury accident,100 km/hr,No,261837,144.9185,-37.73297
3402063,T20130014387,ABS to receive accident,Finished,11/07/2013,11.20.00,No,No collision and no object struck,Wednesday,UNKNOWN-NO DETAILS ON MANOEUVRES OF ROAD-USERS IN ACCIDENT,No,Unk.,No,Not at intersection,Other injury accident,40 km/hr,No,261840,144.96144,-37.77107
3402064,T20130014389,ABS to receive accident,Finished,11/07/2013,20.27.00,Yes,Collision with vehicle,Thursday,HEAD ON (NOT OVERTAKING),No,Dark Street lights on,Yes,Cross intersection,Serious injury accident,80 km/hr,No,40894,145.22875,-37.84791
3402065,T20130014392,ABS to receive accident,Finished,11/07/2013,19.00.00,Yes,Collision with a fixed object,Thursday,OFF LEFT BEND INTO OBJECT/PARKED VEHICLE,No,Dark No street lights,Yes,Not at intersection,Other injury accident,100 km/hr,Yes,261802,146.82162,-36.24789
3402066,T20130014397,ABS to receive accident,Finished,11/07/2013,12.55.00,No,Collision with a fixed object,Thursday,RIGHT OFF CARRIAGEWAY INTO OBJECT/PARKED VEHICLE,No,Unk.,Yes,Not at intersection,Serious injury accident,60 km/hr,Yes,261838,145.01003,-37.70292
3402067,T20130014401,ABS to receive accident,Finished,12/07/2013,03.35.00,Yes,Collision with vehicle,Friday,RIGHT NEAR (INTERSECTIONS ONLY),No,Dark Street lights on,Yes,Multiple intersection,Fatal accident,80 km/hr,No,10429,145.25306,-38.00377
3402068,T20130014404,ABS to receive accident,Finished,12/07/2013,07.15.00,No,Collision with a fixed object,Friday,LEFT OFF CARRIAGEWAY INTO OBJECT/PARKED VEHICLE,No,Dusk/Dawn,Yes,Not at intersection,Other injury accident,80 km/hr,Yes,262239,143.92762,-37.56203
3402069,T20130014406,ABS to receive accident,Finished,11/07/2013,07.00.00,No,Collision with vehicle,Thursday,RIGHT FAR (INTERSECTIONS ONLY),No,Day,Yes,Cross intersection,Other injury accident,80 km/hr,No,243974,144.78122,-37.69723
3402070,T20130014408,ABS to receive accident,Finished,6/07/2013,10.25.00,No,Collision with vehicle,Saturday,REAR END(VEHICLES IN SAME LANE),No,Day,No,Not at intersection,Other injury accident,Not known,No,263568,144.77354,-37.77814
3402071,T20130014410,ABS to receive accident,Finished,12/07/2013,08.00.00,No,Collision with vehicle,Friday,REAR END(VEHICLES IN SAME LANE),No,Day,Yes,Multiple intersection,Other injury accident,50 km/hr,No,11605,144.96709,-37.73807
3402072,T20130014412,ABS to receive accident,Finished,12/07/2013,08.40.00,No,Struck Pedestrian,Friday,PED NEAR SIDE. PED HIT BY VEHICLE FROM THE RIGHT.,No,Day,Yes,Cross intersection,Other injury accident,60 km/hr,No,50020,144.36447,-38.15765
3402073,T20130014415,ABS to receive accident,Finished,11/07/2013,07.20.00,No,Collision with vehicle,Thursday,LANE CHANGE LEFT (NOT OVERTAKING),No,Day,No,Cross intersection,Other injury accident,40 km/hr,No,35365,144.9692,-37.80914
3402074,T20130014416,ABS to receive accident,Finished,12/07/2013,11.58.00,No,Struck Pedestrian,Friday,FAR SIDE. PED HIT BY VEHICLE FROM THE LEFT,No,Day,Yes,Not at intersection,Other injury accident,40 km/hr,No,261841,144.9726,-37.81149
3402075,T20130014417,ABS to receive accident,Finished,10/07/2013,06.30.00,No,Collision with a fixed object,Wednesday,OFF END OF ROAD/T-INTERSECTION.,No,Dark No street lights,No,T intersection,Serious injury accident,100 km/hr,No,22474,144.16515,-37.33513
3402076,T20130014420,ABS to receive accident,Finished,11/07/2013,18.15.00,Yes,Struck Pedestrian,Thursday,ANY MANOEUVRE INVOLVING PED NOT INCLUDED IN DCAs 100-108.,No,Dark Street lights unknown,No,Not at intersection,Other injury accident,Not known,No,261803,143.82998,-37.54013
3402077,T20130014422,ABS to receive accident,Finished,12/07/2013,10.13.00,No,Struck Pedestrian,Friday,FAR SIDE. PED HIT BY VEHICLE FROM THE LEFT,No,Day,Yes,Cross intersection,Serious injury accident,50 km/hr,No,52120,145.93124,-38.16259
3402078,T20130014423,ABS to receive accident,Finished,12/07/2013,09.15.00,No,Collision with vehicle,Friday,RIGHT THROUGH,No,Day,Yes,T intersection,Serious injury accident,70 km/hr,No,48323,145.10701,-37.9717
3402079,T20130014426,ABS to receive accident,Finished,12/07/2013,12.45.00,No,Struck Pedestrian,Friday,PED STRUCK WALKING TO/FROM OR BOARDING/ALIGHTING VEHICLE.,No,Day,Yes,Not at intersection,Other injury accident,50 km/hr,No,261881,144.87481,-37.80822
3402080,T20130014427,ABS to receive accident,Finished,12/07/2013,10.45.00,No,Collision with vehicle,Friday,RIGHT THROUGH,No,Day,Yes,Cross intersection,Other injury accident,60 km/hr,No,44791,142.20226,-36.71176
3402081,T20130014428,ABS to receive accident,Finished,12/07/2013,11.30.00,No,Collision with vehicle,Friday,U TURN,No,Day,Yes,Not at intersection,Serious injury accident,70 km/hr,No,261852,145.17749,-37.85597
3402082,T20130014246,ABS to receive accident,Finished,9/07/2013,16.15.00,No,Collision with vehicle,Tuesday,RIGHT/LEFT. ONE VEH TURNING RIGHT THE OTHER LEFT.,No,Day,No,Cross intersection,Other injury accident,80 km/hr,No,57918,145.04763,-37.87813
3402083,T20130014247,ABS to receive accident,Finished,7/07/2013,21.30.00,Yes,Struck Pedestrian,Sunday,ANY MANOEUVRE INVOLVING PED NOT INCLUDED IN DCAs 100-108.,No,Dark Street lights on,No,Cross intersection,Serious injury accident,60 km/hr,No,35558,145.0916,-37.87543
3402084,T20130014250,ABS to receive accident,Finished,9/07/2013,17.45.00,No,Vehicle overturned (no collision),Tuesday,OFF CARRIAGEWAY TO RIGHT,No,Dusk/Dawn,Yes,Not at intersection,Other injury accident,100 km/hr,Yes,262124,142.13161,-36.71359
3402085,T20130014251,ABS to receive accident,Finished,9/07/2013,18.45.00,Yes,Struck Pedestrian,Tuesday,FAR SIDE. PED HIT BY VEHICLE FROM THE LEFT,No,Dark No street lights,Yes,T intersection,Serious injury accident,50 km/hr,No,261795,145.19662,-37.96314
3402086,T20130014252,ABS to receive accident,Finished,9/07/2013,18.15.00,Yes,Collision with vehicle,Tuesday,RIGHT NEAR (INTERSECTIONS ONLY),No,Dark Street lights on,Yes,T intersection,Other injury accident,60 km/hr,No,56741,145.25533,-38.09461
3402087,T20130014253,ABS to receive accident,Finished,9/07/2013,16.45.00,No,Collision with a fixed object,Tuesday,LEFT OFF CARRIAGEWAY INTO OBJECT/PARKED VEHICLE,No,Dusk/Dawn,Yes,Not at intersection,Serious injury accident,60 km/hr,Yes,262174,145.37742,-37.75237
3402088,T20130014262,ABS to receive accident,Finished,9/07/2013,06.45.00,No,Collision with vehicle,Tuesday,CROSS TRAFFIC(INTERSECTIONS ONLY),No,Dark Street lights on,Yes,Cross intersection,Serious injury accident,70 km/hr,No,84,145.23749,-37.81102
3402089,T20130014264,ABS to receive accident,Finished,10/07/2013,00.05.00,Yes,Struck animal,Wednesday,STRUCK ANIMAL,No,Dark No street lights,Yes,T intersection,Serious injury accident,80 km/hr,No,261796,144.52799,-37.36409
3402090,T20130014266,ABS to receive accident,Finished,10/07/2013,01.00.00,Yes,Collision with a fixed object,Wednesday,RIGHT OFF CARRIAGEWAY INTO OBJECT/PARKED VEHICLE,No,Dark No street lights,Yes,Not at intersection,Other injury accident,100 km/hr,Yes,262041,144.6441,-36.18232
3402091,T20130014269,ABS to receive accident,Finished,10/07/2013,03.15.00,Yes,Collision with a fixed object,Wednesday,LEFT OFF CARRIAGEWAY INTO OBJECT/PARKED VEHICLE,No,Dark Street lights on,Yes,Not at intersection,Serious injury accident,60 km/hr,Yes,263714,144.94036,-37.78761
3402092,T20130014270,ABS to receive accident,Finished,9/07/2013,09.50.00,No,Vehicle overturned (no collision),Tuesday,OFF END OF ROAD/T-INTERSECTION.,No,Day,Yes,T intersection,Other injury accident,100 km/hr,No,73146,143.63644,-38.25249
3402093,T20130014272,ABS to receive accident,Finished,10/07/2013,06.27.00,No,Collision with vehicle,Wednesday,RIGHT THROUGH,No,Dark Street lights on,Yes,Cross intersection,Other injury accident,60 km/hr,No,46621,144.95219,-37.82185
3402094,T20130014274,ABS to receive accident,Finished,10/07/2013,08.50.00,No,Collision with vehicle,Wednesday,REAR END(VEHICLES IN SAME LANE),No,Day,Yes,Not at intersection,Other injury accident,60 km/hr,No,262125,145.00973,-37.78186
3402095,T20130014275,ABS to receive accident,Finished,10/07/2013,08.09.00,No,Collision with vehicle,Wednesday,LEFT TURN SIDESWIPE,Yes,Day,Yes,T intersection,Other injury accident,70 km/hr,No,36113,144.92916,-37.80309
3402096,T20130014277,ABS to receive accident,Finished,10/07/2013,06.20.00,No,Collision with vehicle,Wednesday,RIGHT THROUGH,No,Dark Street lights on,Yes,Cross intersection,Other injury accident,60 km/hr,No,29502,145.06657,-37.75944
3402097,T20130014278,ABS to receive accident,Finished,10/07/2013,07.29.00,No,No collision and no object struck,Wednesday,OUT OF CONTROL ON CARRIAGEWAY (ON STRAIGHT),No,Day,Yes,T intersection,Serious injury accident,50 km/hr,No,261797,145.05619,-37.91744
3402098,T20130014284,ABS to receive accident,Finished,10/07/2013,10.45.00,No,Struck Pedestrian,Wednesday,PED NEAR SIDE. PED HIT BY VEHICLE FROM THE RIGHT.,No,Day,Yes,T intersection,Serious injury accident,60 km/hr,No,38906,145.02876,-37.80887
3402099,T20130014285,ABS to receive accident,Finished,10/07/2013,10.00.00,No,Collision with vehicle,Wednesday,RIGHT NEAR (INTERSECTIONS ONLY),No,Day,Yes,T intersection,Other injury accident,60 km/hr,No,35872,145.11331,-37.85938
3402100,T20130014286,ABS to receive accident,Finished,8/07/2013,08.15.00,No,Collision with vehicle,Monday,RIGHT REAR.,No,Dusk/Dawn,No,Not at intersection,Other injury accident,60 km/hr,No,261726,145.12036,-37.92188
3402101,T20130014289,ABS to receive accident,Finished,10/07/2013,08.30.00,No,No collision and no object struck,Wednesday,OFF CARRIAGEWAY ON RIGHT BEND,No,Day,Yes,Not at intersection,Serious injury accident,100 km/hr,Yes,261799,142.95555,-38.47887
3402102,T20130014294,ABS to receive accident,Finished,9/07/2013,19.45.00,Yes,Collision with vehicle,Tuesday,VEHICLE COLLIDES WITH VEHICLE PARKED ON LEFT OF ROAD,No,Dark No street lights,Yes,Not at intersection,Other injury accident,60 km/hr,No,261750,144.73884,-37.72004
3402103,T20130014299,ABS to receive accident,Finished,10/07/2013,12.05.00,No,Collision with vehicle,Wednesday,CROSS TRAFFIC(INTERSECTIONS ONLY),Yes,Day,Yes,Cross intersection,Other injury accident,60 km/hr,No,44492,145.025,-37.73227
3402104,T20130014303,ABS to receive accident,Finished,9/07/2013,17.50.00,No,Struck animal,Tuesday,STRUCK ANIMAL,No,Dusk/Dawn,No,Not at intersection,Other injury accident,70 km/hr,No,262362,145.33393,-37.87057
3402105,T20130014305,ABS to receive accident,Finished,10/07/2013,13.40.00,No,Collision with vehicle,Wednesday,RIGHT REAR.,No,Day,Yes,Cross intersection,Other injury accident,60 km/hr,No,38974,145.0438,-37.80836
3402106,T20130014307,ABS to receive accident,Finished,10/07/2013,13.50.00,No,Struck Pedestrian,Wednesday,FAR SIDE. PED HIT BY VEHICLE FROM THE LEFT,No,Day,Yes,Cross intersection,Serious injury accident,60 km/hr,No,36134,144.86211,-37.79955
3402107,T20130014308,ABS to receive accident,Finished,10/07/2013,15.50.00,No,Collision with vehicle,Wednesday,VEHICLE OFF FOOTPATH STRIKES VEH ON CARRIAGEWAY,No,Day,Yes,Not at intersection,Other injury accident,Not known,No,261752,145.12601,-37.78731
3402108,T20130014653,ABS to receive accident,Finished,15/07/2013,20.40.00,Yes,Collision with vehicle,Monday,CROSS TRAFFIC(INTERSECTIONS ONLY),No,Dark Street lights on,Yes,Cross intersection,Other injury accident,60 km/hr,No,43716,144.57044,-37.67303
3402109,T20130014658,ABS to receive accident,Finished,15/07/2013,22.00.00,Yes,Collision with a fixed object,Monday,LEFT OFF CARRIAGEWAY INTO OBJECT/PARKED VEHICLE,No,Dark Street lights on,Yes,T intersection,Serious injury accident,50 km/hr,Yes,43161,145.26158,-37.98763
3402110,T20130014659,ABS to receive accident,Finished,15/07/2013,22.45.00,Yes,Collision with vehicle,Monday,VEHICLE COLLIDES WITH VEHICLE PARKED ON LEFT OF ROAD,No,Dark Street lights on,Yes,T intersection,Serious injury accident,50 km/hr,No,37012,144.96036,-37.6636
3402111,T20130014660,ABS to receive accident,Finished,6/07/2013,16.00.00,Yes,Struck Pedestrian,Friday,PED NEAR SIDE. PED HIT BY VEHICLE FROM THE RIGHT.,No,Day,No,Multiple intersection,Other injury accident,Not known,No,11736,144.94051,-37.78783
3402112,T20130014662,ABS to receive accident,Finished,16/07/2013,04.30.00,Yes,Collision with a fixed object,Tuesday,OFF LEFT BEND INTO OBJECT/PARKED VEHICLE,No,Dark Street lights on,Yes,Not at intersection,Other injury accident,50 km/hr,Yes,261871,144.80087,-37.70872
3402113,T20130014664,ABS to receive accident,Finished,16/07/2013,06.55.00,No,Collision with vehicle,Tuesday,CROSS TRAFFIC(INTERSECTIONS ONLY),No,Dusk/Dawn,Yes,Cross intersection,Other injury accident,60 km/hr,No,222037,144.97682,-37.80811
3402114,T20130014665,ABS to receive accident,Finished,16/07/2013,05.54.00,Yes,Collision with a fixed object,Tuesday,RIGHT OFF CARRIAGEWAY INTO OBJECT/PARKED VEHICLE,No,Dark Street lights on,Yes,Not at intersection,Serious injury accident,70 km/hr,Yes,263716,145.19495,-37.83609
3402115,T20130014666,ABS to receive accident,Finished,16/07/2013,08.27.00,No,Collision with vehicle,Tuesday,RIGHT THROUGH,No,Day,Yes,Cross intersection,Other injury accident,60 km/hr,No,39391,145.14056,-37.80914
3402116,T20130014669,ABS to receive accident,Finished,15/07/2013,18.10.00,Yes,Collision with vehicle,Monday,REAR END(VEHICLES IN SAME LANE),No,Dark Street lights on,Yes,Not at intersection,Other injury accident,70 km/hr,No,261934,145.2135,-37.86198
3402117,T20130014670,ABS to receive accident,Finished,16/07/2013,08.30.00,No,Collision with vehicle,Tuesday,ENTERING PARKING,No,Day,Yes,Not at intersection,Serious injury accident,50 km/hr,No,261853,144.97556,-37.81006
3402118,T20130014677,ABS to receive accident,Finished,16/07/2013,09.15.00,No,Collision with vehicle,Tuesday,REAR END(VEHICLES IN SAME LANE),No,Day,Yes,Not at intersection,Serious injury accident,100 km/hr,No,261876,145.17115,-37.91817
3402119,T20130014679,ABS to receive accident,Finished,15/07/2013,19.30.00,Yes,No collision and no object struck,Monday,OFF CARRIAGEWAY ON RIGHT BEND,No,Dark Street lights on,Yes,Not at intersection,Other injury accident,70 km/hr,Yes,261935,145.26665,-37.83245
3402120,T20130014680,ABS to receive accident,Finished,11/07/2013,08.25.00,No,Collision with vehicle,Thursday,LEFT TURN SIDESWIPE,No,Dusk/Dawn,No,T intersection,Other injury accident,Not known,No,277406,144.86045,-37.70613
3402121,T20130014467,ABS to receive accident,Finished,12/07/2013,19.00.00,Yes,Collision with a fixed object,Friday,LEFT OFF CARRIAGEWAY INTO OBJECT/PARKED VEHICLE,No,Dark No street lights,Yes,Not at intersection,Fatal accident,100 km/hr,Yes,263707,142.88256,-37.18492
3402122,T20130014469,ABS to receive accident,Finished,12/07/2013,21.40.00,Yes,Collision with a fixed object,Friday,OFF RIGHT BEND INTO OBJECT/PARKED VEHICLE,No,Dark No street lights,Yes,T intersection,Other injury accident,100 km/hr,Yes,17692,145.65116,-37.15254
3402123,T20130014472,ABS to receive accident,Finished,13/07/2013,01.00.00,Yes,Collision with a fixed object,Saturday,LEFT OFF CARRIAGEWAY INTO OBJECT/PARKED VEHICLE,No,Dark Street lights on,Yes,T intersection,Other injury accident,60 km/hr,Yes,32540,145.29321,-37.89514
3402124,T20130014473,ABS to receive accident,Finished,13/07/2013,00.32.00,Yes,Collision with a fixed object,Saturday,LEFT OFF CARRIAGEWAY INTO OBJECT/PARKED VEHICLE,No,Dark Street lights on,Yes,Cross intersection,Serious injury accident,60 km/hr,Yes,52778,143.86151,-37.54174