OBJECTID,ACCIDENT_NO,ABS_CODE,ACCIDENT_STATUS,ACCIDENT_DATE,ACCIDENT_TIME,ALCOHOLTIME,ACCIDENT_TYPE,DAY_OF_WEEK,DCA_CODE,HIT_RUN_FLAG,LIGHT_CONDITION,POLICE_ATTEND,ROAD_GEOMETRY,SEVERITY,SPEED_ZONE,RUN_OFFROAD,NODE_ID,LONGITUDE,LATITUDE
3402125,T20130014477,ABS to receive accident,Finished,13/07/2013,02.15.00,Yes,Collision with a fixed object,Saturday,RIGHT OFF CARRIAGEWAY INTO OBJECT/PARKED VEHICLE,Not known,Dark No street lights,Yes,Cross intersection,Serious injury accident,70 km/hr,Yes,38056,145.0218,-37.74718
3402126,T20130014480,ABS to receive accident,Finished,12/07/2013,18.12.00,Yes,Collision with vehicle,Friday,REAR END(VEHICLES IN SAME LANE),No,Dark Street lights on,Yes,Not at intersection,Other injury accident,100 km/hr,No,262612,144.78904,-37.84263
3402127,T20130014481,ABS to receive accident,Finished,9/07/2013,07.30.00,No,Collision with vehicle,Tuesday,VEHICLE STRIKES ANOTHER VEH WHILE EMERGING FROM DRIVEWAY,No,Day,No,Not at intersection,Other injury accident,50 km/hr,No,262040,145.02735,-37.77298
3402128,T20130014484,ABS to receive accident,Finished,13/07/2013,09.30.00,No,Collision with vehicle,Saturday,RIGHT THROUGH,No,Day,Yes,T intersection,Other injury accident,40 km/hr,No,42503,145.15234,-37.95194
3402129,T20130014489,ABS to receive accident,Finished,13/07/2013,10.31.00,No,Collision with vehicle,Saturday,HEAD ON (NOT OVERTAKING),No,Day,Yes,T intersection,Serious injury accident,60 km/hr,No,29759,145.40358,-37.87254
3402130,T20130014492,ABS to receive accident,Finished,13/07/2013,07.00.00,Yes,Collision with vehicle,Saturday,HEAD ON (NOT OVERTAKING),Yes,Dusk/Dawn,Yes,Not at intersection,Serious injury accident,60 km/hr,No,264096,145.02137,-37.63959
3402131,T20130014493,ABS to receive accident,Finished,11/07/2013,18.00.00,Yes,Collision with vehicle,Thursday,REAR END(VEHICLES IN SAME LANE),No,Unk.,No,T intersection,Other injury accident,80 km/hr,No,162,145.21543,-37.87692
3402132,T20130014496,ABS to receive accident,Finished,13/07/2013,11.30.00,No,Collision with a fixed object,Saturday,RIGHT OFF CARRIAGEWAY INTO OBJECT/PARKED VEHICLE,No,Day,Yes,Not at intersection,Serious injury accident,100 km/hr,Yes,261842,144.7036,-36.75195
3402133,T20130014498,ABS to receive accident,Finished,12/07/2013,18.35.00,Yes,Collision with vehicle,Friday,REAR END(VEHICLES IN SAME LANE),No,Dark Street lights on,Yes,Not at intersection,Other injury accident,70 km/hr,No,261844,145.29943,-38.06377
3402134,T20130014499,ABS to receive accident,Finished,13/07/2013,12.40.00,No,Collision with vehicle,Saturday,CROSS TRAFFIC(INTERSECTIONS ONLY),No,Day,Yes,Cross intersection,Other injury accident,80 km/hr,No,22528,144.20741,-37.5982
3402135,T20130014500,ABS to receive accident,Finished,10/07/2013,18.19.00,Yes,Collision with vehicle,Tuesday,REAR END(VEHICLES IN SAME LANE),No,Dark Street lights on,Yes,Cross intersection,Other injury accident,80 km/hr,No,304383,144.8796,-37.59001
3402136,T20130014502,ABS to receive accident,Finished,13/07/2013,11.00.00,No,No collision and no object struck,Saturday,OUT OF CONTROL ON CARRIAGEWAY (ON STRAIGHT),No,Day,No,Not at intersection,Other injury accident,100 km/hr,No,263056,143.58219,-37.4648
3402137,T20130014503,ABS to receive accident,Finished,13/07/2013,13.10.00,No,Collision with vehicle,Saturday,REAR END(VEHICLES IN SAME LANE),No,Day,Yes,Cross intersection,Serious injury accident,50 km/hr,No,52919,143.85827,-37.56715
3402138,T20130014504,ABS to receive accident,Finished,13/07/2013,14.35.00,Yes,Vehicle overturned (no collision),Saturday,OUT OF CONTROL ON CARRIAGEWAY (ON STRAIGHT),No,Day,Yes,T intersection,Other injury accident,60 km/hr,No,45054,144.83081,-37.7659
3402139,T20130014505,ABS to receive accident,Finished,13/07/2013,15.40.00,Yes,Collision with vehicle,Saturday,LANE SIDE SWIPE (VEHICLES IN PARALLEL LANES),No,Day,No,Cross intersection,Other injury accident,40 km/hr,No,216,144.96068,-37.81496
3402140,T20130014507,ABS to receive accident,Finished,11/07/2013,18.30.00,Yes,Collision with vehicle,Thursday,REAR END(VEHICLES IN SAME LANE),Yes,Dark Street lights on,Yes,Not at intersection,Other injury accident,80 km/hr,No,263280,145.22835,-38.00679
3402141,T20130014508,ABS to receive accident,Finished,13/07/2013,15.30.00,Yes,No collision and no object struck,Saturday,OUT OF CONTROL ON CARRIAGEWAY (ON STRAIGHT),No,Day,Yes,Not at intersection,Other injury accident,60 km/hr,No,262651,144.98668,-37.85099
3402142,T20130014515,ABS to receive accident,Finished,13/07/2013,14.46.00,Yes,Collision with vehicle,Saturday,LANE CHANGE RIGHT (NOT OVERTAKING),No,Day,Yes,Not at intersection,Other injury accident,80 km/hr,No,262908,144.8806,-37.80514
3402143,T20130014518,ABS to receive accident,Finished,13/07/2013,17.14.00,Yes,Collision with vehicle,Saturday,OTHER ADJACENT (INTERSECTIONS ONLY),No,Day,Yes,Multiple intersection,Other injury accident,60 km/hr,No,29883,145.12385,-38.19378
3402144,T20130014519,ABS to receive accident,Finished,13/07/2013,16.10.00,Yes,Collision with a fixed object,Saturday,OFF LEFT BEND INTO OBJECT/PARKED VEHICLE,No,Day,Yes,Not at intersection,Other injury accident,70 km/hr,Yes,261845,144.8312,-37.71306
3402145,T20130014521,ABS to receive accident,Finished,13/07/2013,15.30.00,Yes,Collision with a fixed object,Saturday,RIGHT OFF CARRIAGEWAY INTO OBJECT/PARKED VEHICLE,No,Day,Yes,Y intersection,Other injury accident,100 km/hr,Yes,47960,145.22095,-37.95657
3402146,T20130014522,ABS to receive accident,Finished,13/07/2013,16.54.00,Yes,Collision with vehicle,Friday,RIGHT THROUGH,No,Dusk/Dawn,Yes,Multiple intersection,Other injury accident,60 km/hr,No,605,145.05892,-37.86004
3402147,T20130014530,ABS to receive accident,Finished,13/07/2013,18.00.00,Yes,Collision with vehicle,Saturday,OTHER SAME DIRECTION-MANOUEVRES NOT INCLUDED IN DCAs 130-137,No,Dusk/Dawn,Yes,Not at intersection,Serious injury accident,100 km/hr,No,271410,146.04745,-36.01679
3402148,T20130014531,ABS to receive accident,Finished,13/07/2013,18.50.00,Yes,Collision with vehicle,Saturday,U TURN,No,Dusk/Dawn,Yes,T intersection,Other injury accident,60 km/hr,No,261846,142.1343,-34.20015
3402149,T20130014533,ABS to receive accident,Finished,13/07/2013,15.45.00,Yes,Collision with a fixed object,Saturday,LEFT OFF CARRIAGEWAY INTO OBJECT/PARKED VEHICLE,No,Day,Yes,Not at intersection,Other injury accident,50 km/hr,Yes,262217,145.08634,-37.97342
3402150,T20130014536,ABS to receive accident,Finished,13/07/2013,17.38.00,Yes,Collision with vehicle,Saturday,RIGHT REAR.,No,Dark Street lights on,Yes,Cross intersection,Serious injury accident,60 km/hr,No,38022,145.01227,-37.76463
3402151,T20130014537,ABS to receive accident,Finished,13/07/2013,18.30.00,Yes,Collision with a fixed object,Saturday,RIGHT OFF CARRIAGEWAY INTO OBJECT/PARKED VEHICLE,No,Dark Street lights on,Yes,Cross intersection,Other injury accident,60 km/hr,Yes,38439,145.31101,-37.78504
3402152,T20130014540,ABS to receive accident,Finished,13/07/2013,18.00.00,Yes,Vehicle overturned (no collision),Saturday,OFF CARRIAGEWAY TO RIGHT,No,Day,No,Not at intersection,Other injury accident,100 km/hr,Yes,261847,146.27927,-37.44603
3402153,T20130014541,ABS to receive accident,Finished,12/07/2013,18.00.00,Yes,Vehicle overturned (no collision),Friday,OUT OF CONTROL ON CARRIAGEWAY (ON BEND),No,Dark Street lights on,Yes,Not at intersection,Other injury accident,60 km/hr,No,261903,145.39633,-37.87845
3402154,T20130014543,ABS to receive accident,Finished,13/07/2013,17.00.00,Yes,Collision with a fixed object,Saturday,RIGHT OFF CARRIAGEWAY INTO OBJECT/PARKED VEHICLE,No,Day,Yes,Not at intersection,Other injury accident,100 km/hr,Yes,262273,142.66936,-36.99442
3402155,T20130014545,ABS to receive accident,Finished,13/07/2013,20.49.00,Yes,Collision with a fixed object,Saturday,LEFT OFF CARRIAGEWAY INTO OBJECT/PARKED VEHICLE,No,Dark Street lights on,Yes,Not at intersection,Serious injury accident,60 km/hr,Yes,261804,144.94243,-37.78961
3402156,T20130014546,ABS to receive accident,Finished,13/07/2013,21.31.00,Yes,Struck Pedestrian,Saturday,FAR SIDE. PED HIT BY VEHICLE FROM THE LEFT,No,Dark Street lights on,Yes,Cross intersection,Other injury accident,60 km/hr,No,36338,144.96902,-37.79732
3402157,T20130014547,ABS to receive accident,Finished,12/07/2013,05.20.00,Yes,Collision with vehicle,Friday,LEFT NEAR (INTERSECTIONS ONLY),No,Dark Street lights on,Yes,T intersection,Serious injury accident,60 km/hr,No,38785,144.90431,-37.79488
3402158,T20130014548,ABS to receive accident,Finished,11/07/2013,05.25.00,Yes,Struck Pedestrian,Thursday,PED NEAR SIDE. PED HIT BY VEHICLE FROM THE RIGHT.,No,Dark Street lights on,Yes,Not at intersection,Serious injury accident,60 km/hr,No,262025,144.99933,-37.67857
3402159,T20130014550,ABS to receive accident,Finished,13/07/2013,23.05.00,Yes,Collision with vehicle,Saturday,VEHICLE COLLIDES WITH VEHICLE PARKED ON LEFT OF ROAD,No,Dark Street lights on,Yes,Not at intersection,Other injury accident,60 km/hr,No,262562,143.85892,-37.56194
3402160,T20130014551,ABS to receive accident,Finished,13/07/2013,23.30.00,Yes,Collision with vehicle,Saturday,REAR END(VEHICLES IN SAME LANE),Yes,Dark Street lights unknown,No,T intersection,Other injury accident,70 km/hr,No,39255,144.78988,-37.72764
3402161,T20130014558,ABS to receive accident,Finished,13/07/2013,23.30.00,Yes,Collision with a fixed object,Saturday,OFF LEFT BEND INTO OBJECT/PARKED VEHICLE,Yes,Dark Street lights on,Yes,Not at intersection,Other injury accident,50 km/hr,Yes,262563,145.2074,-38.00196
3402162,T20130014564,ABS to receive accident,Finished,14/07/2013,07.50.00,Yes,Collision with vehicle,Sunday,CROSS TRAFFIC(INTERSECTIONS ONLY),No,Day,Yes,Cross intersection,Other injury accident,70 km/hr,No,52865,143.87713,-37.56064
3402163,T20130014566,ABS to receive accident,Finished,13/07/2013,14.40.00,Yes,Collision with vehicle,Saturday,RIGHT THROUGH,No,Day,Yes,Cross intersection,Other injury accident,60 km/hr,No,40612,145.09922,-37.85063
3402164,T20130014568,ABS to receive accident,Finished,13/07/2013,16.10.00,Yes,Collision with vehicle,Saturday,HEAD ON (NOT OVERTAKING),No,Day,Yes,Not at intersection,Other injury accident,60 km/hr,No,261904,145.01145,-37.86394
3402165,T20130014570,ABS to receive accident,Finished,13/07/2013,23.40.00,Yes,Collision with a fixed object,Saturday,OFF RIGHT BEND INTO OBJECT/PARKED VEHICLE,No,Dark No street lights,Yes,Not at intersection,Fatal accident,100 km/hr,Yes,262670,143.12453,-37.02903
3402166,T20130014573,ABS to receive accident,Finished,13/07/2013,18.10.00,Yes,No collision and no object struck,Saturday,OUT OF CONTROL ON CARRIAGEWAY (ON STRAIGHT),No,Dark Street lights unknown,No,Not at intersection,Serious injury accident,80 km/hr,No,261867,144.83372,-37.71403
3402167,T20130014574,ABS to receive accident,Finished,14/07/2013,13.10.00,No,Collision with a fixed object,Sunday,LEFT OFF CARRIAGEWAY INTO OBJECT/PARKED VEHICLE,No,Day,Yes,Not at intersection,Other injury accident,100 km/hr,Yes,263303,146.28611,-36.32196
3402168,T20130014576,ABS to receive accident,Finished,1/07/2013,13.00.00,No,No collision and no object struck,Monday,OUT OF CONTROL ON CARRIAGEWAY (ON STRAIGHT),No,Day,Not known,Cross intersection,Serious injury accident,60 km/hr,No,73126,145.04176,-38.25707
3402169,T20130014579,ABS to receive accident,Finished,11/07/2013,12.00.00,No,Struck Pedestrian,Thursday,PED ON FOOTHPATH STRUCK BY VEHENTERING/LEAVING DRIVEWAY.,No,Day,No,Not at intersection,Other injury accident,Camping grounds or off road,No,262509,144.93848,-37.70496
3402170,T20130014582,ABS to receive accident,Finished,14/07/2013,13.00.00,No,Collision with vehicle,Sunday,RIGHT THROUGH,No,Day,Yes,T intersection,Serious injury accident,80 km/hr,No,251374,145.13948,-38.17373
3402171,T20130014583,ABS to receive accident,Finished,13/07/2013,22.14.00,Yes,Collision with a fixed object,Saturday,RIGHT OFF CARRIAGEWAY INTO OBJECT/PARKED VEHICLE,No,Dark Street lights on,Yes,Cross intersection,Other injury accident,40 km/hr,Yes,35356,144.96109,-37.8193
3402172,T20130014584,ABS to receive accident,Finished,14/07/2013,13.30.00,No,Collision with vehicle,Sunday,LEFT NEAR (INTERSECTIONS ONLY),No,Day,Yes,T intersection,Serious injury accident,60 km/hr,No,233303,144.26485,-36.71208
3402173,T20130014585,ABS to receive accident,Finished,14/07/2013,16.00.00,Yes,Collision with a fixed object,Sunday,OFF LEFT BEND INTO OBJECT/PARKED VEHICLE,No,Day,Yes,Not at intersection,Other injury accident,70 km/hr,Yes,261905,145.56691,-37.64704
3402174,T20130014587,ABS to receive accident,Finished,14/07/2013,16.45.00,Yes,Collision with a fixed object,Sunday,OFF RIGHT BEND INTO OBJECT/PARKED VEHICLE,No,Day,Yes,Not at intersection,Serious injury accident,70 km/hr,Yes,261931,145.49885,-37.63712
3402175,T20130014588,ABS to receive accident,Finished,14/07/2013,15.50.00,No,Collision with vehicle,Sunday,VEHICLE STRIKES ANOTHER VEH WHILE EMERGING FROM DRIVEWAY,No,Day,Yes,Not at intersection,Serious injury accident,60 km/hr,No,263467,144.33444,-38.14525
3402176,T20130014594,ABS to receive accident,Finished,14/07/2013,17.45.00,Yes,Collision with vehicle,Sunday,RIGHT THROUGH,No,Dark Street lights on,Yes,Cross intersection,Serious injury accident,80 km/hr,No,278616,145.16119,-38.10925
3402177,T20130014600,ABS to receive accident,Finished,14/07/2013,02.10.00,Yes,Collision with a fixed object,Sunday,RIGHT OFF CARRIAGEWAY INTO OBJECT/PARKED VEHICLE,No,Dark Street lights on,Yes,Not at intersection,Fatal accident,80 km/hr,Yes,261808,145.22728,-37.95067
3402178,T20130014601,ABS to receive accident,Finished,14/07/2013,21.45.00,Yes,Collision with vehicle,Sunday,U TURN,No,Dark Street lights on,Yes,T intersection,Other injury accident,60 km/hr,No,40787,144.90223,-37.7413
3402179,T20130014602,ABS to receive accident,Finished,14/07/2013,15.47.00,No,Collision with vehicle,Sunday,CROSS TRAFFIC(INTERSECTIONS ONLY),No,Day,Yes,Cross intersection,Other injury accident,50 km/hr,No,44466,144.35731,-38.14861
3402180,T20130014603,ABS to receive accident,Finished,13/07/2013,00.45.00,Yes,Collision with a fixed object,Saturday,LEFT OFF CARRIAGEWAY INTO OBJECT/PARKED VEHICLE,No,Dark No street lights,Yes,Not at intersection,Other injury accident,100 km/hr,Yes,261805,142.42395,-36.85606
3402181,T20130014607,ABS to receive accident,Finished,15/07/2013,00.30.00,Yes,No collision and no object struck,Monday,OFF CARRIAGEWAY TO RIGHT,No,Dark No street lights,Yes,T intersection,Serious injury accident,50 km/hr,Yes,42622,145.19815,-37.94399
3402182,T20130014608,ABS to receive accident,Finished,14/07/2013,23.23.00,Yes,Collision with vehicle,Sunday,REAR END(VEHICLES IN SAME LANE),Yes,Dark Street lights on,No,Not at intersection,Serious injury accident,100 km/hr,No,261973,144.75699,-37.86915
3402183,T20130014612,ABS to receive accident,Finished,15/07/2013,07.55.00,No,Collision with vehicle,Monday,CROSS TRAFFIC(INTERSECTIONS ONLY),No,Day,Yes,Cross intersection,Other injury accident,80 km/hr,No,65067,142.00935,-37.75768
3402184,T20130014614,ABS to receive accident,Finished,15/07/2013,09.00.00,No,Collision with vehicle,Monday,CROSS TRAFFIC(INTERSECTIONS ONLY),No,Day,Yes,Cross intersection,Serious injury accident,50 km/hr,No,44891,146.72397,-36.56085
3402185,T20130014618,ABS to receive accident,Finished,15/07/2013,09.45.00,No,Collision with vehicle,Monday,VEHICLE COLLIDES WITH VEHICLE PARKED ON LEFT OF ROAD,No,Day,Yes,Not at intersection,Other injury accident,60 km/hr,No,101699,145.1722,-37.96488
3402186,T20130014620,ABS to receive accident,Finished,15/07/2013,10.29.00,No,Vehicle overturned (no collision),Monday,OFF CARRIAGEWAY ON LEFT BEND,No,Day,Yes,Not at intersection,Other injury accident,100 km/hr,Yes,261933,146.49817,-38.17674
3402187,T20130014626,ABS to receive accident,Finished,15/07/2013,07.00.00,Yes,Collision with vehicle,Sunday,RIGHT THROUGH,No,Dusk/Dawn,Yes,Multiple intersection,Other injury accident,60 km/hr,No,29863,144.84975,-37.72539
3402188,T20130014627,ABS to receive accident,Finished,15/07/2013,09.24.00,No,Vehicle overturned (no collision),Monday,OUT OF CONTROL ON CARRIAGEWAY (ON STRAIGHT),No,Day,Yes,Not at intersection,Serious injury accident,60 km/hr,No,262028,145.3948,-37.73814
3402189,T20130014629,ABS to receive accident,Finished,15/07/2013,07.55.00,No,Fall from or in moving vehicle,Monday,OUT OF CONTROL ON CARRIAGEWAY (ON STRAIGHT),No,Day,Yes,Not at intersection,Other injury accident,60 km/hr,No,261869,145.10971,-37.83751
3402190,T20130014630,ABS to receive accident,Finished,14/07/2013,13.30.00,No,No collision and no object struck,Sunday,OUT OF CONTROL ON CARRIAGEWAY (ON STRAIGHT),No,Day,No,T intersection,Serious injury accident,60 km/hr,No,262027,145.00087,-37.8092
3402191,T20130014631,ABS to receive accident,Finished,15/07/2013,13.06.00,No,Collision with a fixed object,Monday,OFF RIGHT BEND INTO OBJECT/PARKED VEHICLE,No,Unk.,Yes,Not at intersection,Other injury accident,70 km/hr,Yes,261870,146.74771,-38.39229
3402192,T20130014633,ABS to receive accident,Finished,15/07/2013,10.52.00,No,Collision with vehicle,Monday,REAR END(VEHICLES IN SAME LANE),Yes,Day,Yes,Not at intersection,Other injury accident,100 km/hr,No,262686,145.14729,-37.79946
3402193,T20130014635,ABS to receive accident,Finished,15/07/2013,05.55.00,Yes,Collision with vehicle,Monday,LANE CHANGE LEFT (NOT OVERTAKING),Yes,Dark Street lights on,Yes,Not at intersection,Other injury accident,80 km/hr,No,262148,144.96898,-37.82571
3402194,T20130014639,ABS to receive accident,Finished,15/07/2013,13.00.00,No,Collision with vehicle,Monday,RIGHT THROUGH,No,Day,Yes,Cross intersection,Serious injury accident,60 km/hr,No,29543,145.03421,-37.82874
3402195,T20130014645,ABS to receive accident,Finished,15/07/2013,14.08.00,No,Collision with vehicle,Monday,CROSS TRAFFIC(INTERSECTIONS ONLY),No,Day,Yes,Cross intersection,Serious injury accident,100 km/hr,No,246837,142.01748,-34.21575
3402196,T20130014646,ABS to receive accident,Finished,15/07/2013,14.45.00,No,Collision with vehicle,Monday,REAR END(VEHICLES IN SAME LANE),No,Day,No,Not at intersection,Other injury accident,60 km/hr,No,262046,147.63574,-37.82565
3402197,T20130014651,ABS to receive accident,Finished,15/07/2013,18.15.00,Yes,Collision with vehicle,Monday,RIGHT NEAR (INTERSECTIONS ONLY),No,Dark Street lights on,Yes,T intersection,Serious injury accident,70 km/hr,No,42078,145.01382,-37.9304
3402198,T20130014652,ABS to receive accident,Finished,15/07/2013,18.00.00,Yes,Collision with vehicle,Monday,REAR END(VEHICLES IN SAME LANE),No,Dark No street lights,Yes,Not at intersection,Serious injury accident,80 km/hr,No,262048,145.17102,-38.10124
3402199,T20130014750,ABS to receive accident,Finished,17/07/2013,08.39.00,No,Collision with a fixed object,Wednesday,RIGHT OFF CARRIAGEWAY INTO OBJECT/PARKED VEHICLE,No,Day,Yes,T intersection,Other injury accident,70 km/hr,Yes,69468,145.40387,-37.91893
3402200,T20130014751,ABS to receive accident,Finished,17/07/2013,11.40.00,No,Collision with vehicle,Wednesday,RIGHT NEAR (INTERSECTIONS ONLY),No,Day,Yes,T intersection,Other injury accident,60 km/hr,No,60880,144.72277,-37.57111
3402201,T20130014760,ABS to receive accident,Finished,17/07/2013,08.20.00,No,No collision and no object struck,Wednesday,OFF CARRIAGEWAY TO LEFT,Not known,Day,Yes,T intersection,Other injury accident,80 km/hr,Yes,44215,144.93952,-37.64197
3402202,T20130014762,ABS to receive accident,Finished,4/07/2013,20.00.00,Yes,Collision with vehicle,Thursday,VEHICLE STRIKES DOOR OF PARKED/STATIONARY VEHICLE,No,Dark Street lights unknown,No,Not at intersection,Other injury accident,40 km/hr,No,122354,144.97877,-37.79657
3402203,T20130014765,ABS to receive accident,Finished,17/07/2013,12.55.00,No,Collision with vehicle,Wednesday,VEHICLE STRIKES ANOTHER VEH WHILE EMERGING FROM DRIVEWAY,No,Day,Yes,Not at intersection,Other injury accident,60 km/hr,No,261939,144.77793,-37.75114
3402204,T20130014766,ABS to receive accident,Finished,14/07/2013,11.45.00,No,Collision with vehicle,,RIGHT REAR.,No,Day,Yes,Not at intersection,Other injury accident,100 km/hr,No,279296,142.46729,-38.30006
3402205,T20130014768,ABS to receive accident,Finished,17/07/2013,14.25.00,No,Collision with vehicle,Wednesday,RIGHT NEAR (INTERSECTIONS ONLY),No,Day,Yes,T intersection,Serious injury accident,70 km/hr,No,43279,145.26493,-38.02778
3402206,T20130014769,ABS to receive accident,Finished,17/07/2013,15.13.00,No,Collision with vehicle,Wednesday,RIGHT THROUGH,No,Day,Yes,Cross intersection,Serious injury accident,60 km/hr,No,38987,145.04452,-37.82524
3402207,T20130014770,ABS to receive accident,Finished,13/07/2013,19.00.00,Yes,Collision with a fixed object,Saturday,LEFT OFF CARRIAGEWAY INTO OBJECT/PARKED VEHICLE,No,Dark Street lights on,Yes,T intersection,Other injury accident,70 km/hr,Yes,37064,144.99009,-37.81688
3402208,T20130014771,ABS to receive accident,Finished,17/07/2013,15.10.00,No,Collision with vehicle,Wednesday,LEFT NEAR (INTERSECTIONS ONLY),No,Day,Yes,T intersection,Serious injury accident,80 km/hr,No,43576,145.08429,-38.19921
3402209,T20130014775,ABS to receive accident,Finished,17/07/2013,13.58.00,No,Collision with vehicle,Wednesday,LEFT TURN SIDESWIPE,No,Day,Yes,Not at intersection,Serious injury accident,60 km/hr,No,261894,144.88426,-37.7134
3402210,T20130014776,ABS to receive accident,Finished,17/07/2013,15.00.00,No,Struck Pedestrian,Wednesday,PED NEAR SIDE. PED HIT BY VEHICLE FROM THE RIGHT.,No,Day,Yes,Cross intersection,Serious injury accident,40 km/hr,No,29646,145.04613,-37.88727
3402211,T20130014778,ABS to receive accident,Finished,16/07/2013,15.45.00,No,Collision with vehicle,Tuesday,RIGHT THROUGH,No,Day,No,Cross intersection,Other injury accident,60 km/hr,No,51645,144.24806,-36.76419
3402212,T20130014892,ABS to receive accident,Finished,19/07/2013,08.00.00,No,Collision with vehicle,Friday,RIGHT THROUGH,No,Day,Yes,T intersection,Other injury accident,100 km/hr,No,54273,146.40669,-38.16136
3402213,T20130014893,ABS to receive accident,Finished,19/07/2013,08.25.00,No,Struck Pedestrian,Friday,PED NEAR SIDE. PED HIT BY VEHICLE FROM THE RIGHT.,No,Day,Yes,T intersection,Other injury accident,40 km/hr,No,70287,145.26645,-37.96731
3402214,T20130014899,ABS to receive accident,Finished,19/07/2013,08.55.00,No,Collision with a fixed object,Friday,RIGHT OFF CARRIAGEWAY INTO OBJECT/PARKED VEHICLE,No,Day,No,Not at intersection,Other injury accident,100 km/hr,Yes,262131,145.91871,-38.04236
3402215,T20130014901,ABS to receive accident,Finished,19/07/2013,11.20.00,No,Collision with vehicle,Friday,ENTERING PARKING,No,Day,Yes,Cross intersection,Other injury accident,40 km/hr,No,36888,144.96113,-37.81594
3402216,T20130014903,ABS to receive accident,Finished,10/07/2013,18.00.00,Yes,Vehicle overturned (no collision),Wednesday,OUT OF CONTROL ON CARRIAGEWAY (ON STRAIGHT),No,Dusk/Dawn,No,Not at intersection,Serious injury accident,50 km/hr,No,262024,146.28994,-38.18384
3402217,T20130014904,ABS to receive accident,Finished,19/07/2013,12.25.00,No,Collision with vehicle,Friday,VEHICLE STRIKES DOOR OF PARKED/STATIONARY VEHICLE,No,Day,Yes,T intersection,Other injury accident,60 km/hr,No,37152,144.99717,-37.81021
3402218,T20130014905,ABS to receive accident,Finished,19/07/2013,11.50.00,No,Collision with vehicle,Friday,REAR END(VEHICLES IN SAME LANE),No,Day,Yes,Cross intersection,Serious injury accident,60 km/hr,No,52971,143.84322,-37.57764
3402219,T20130014906,ABS to receive accident,Finished,19/07/2013,12.40.00,No,Collision with a fixed object,Friday,LEFT OFF CARRIAGEWAY INTO OBJECT/PARKED VEHICLE,No,Day,Yes,Not at intersection,Serious injury accident,50 km/hr,Yes,263304,146.72736,-36.55683