OBJECTID,ACCIDENT_NO,ABS_CODE,ACCIDENT_STATUS,ACCIDENT_DATE,ACCIDENT_TIME,ALCOHOLTIME,ACCIDENT_TYPE,DAY_OF_WEEK,DCA_CODE,HIT_RUN_FLAG,LIGHT_CONDITION,POLICE_ATTEND,ROAD_GEOMETRY,SEVERITY,SPEED_ZONE,RUN_OFFROAD,NODE_ID,LONGITUDE,LATITUDE
3402220,T20130014907,ABS to receive accident,Finished,19/07/2013,12.15.00,No,No collision and no object struck,Friday,OUT OF CONTROL ON CARRIAGEWAY (ON STRAIGHT),No,Day,Yes,T intersection,Serious injury accident,60 km/hr,No,752,144.98799,-37.91889
3402221,T20130014909,ABS to receive accident,Finished,19/07/2013,10.48.00,No,Collision with vehicle,Friday,RIGHT THROUGH,No,Day,Yes,Cross intersection,Serious injury accident,70 km/hr,No,42310,145.07648,-37.95472
3402222,T20130014913,ABS to receive accident,Finished,19/07/2013,09.55.00,No,Struck Pedestrian,Friday,PED NEAR SIDE. PED HIT BY VEHICLE FROM THE RIGHT.,Yes,Day,Yes,T intersection,Fatal accident,60 km/hr,No,47392,145.07971,-37.86343
3402223,T20130014916,ABS to receive accident,Finished,19/07/2013,13.00.00,No,Collision with a fixed object,Friday,OFF RIGHT BEND INTO OBJECT/PARKED VEHICLE,No,Day,Yes,Not at intersection,Other injury accident,100 km/hr,Yes,262199,147.13484,-36.22312
3402224,T20130014917,ABS to receive accident,Finished,19/07/2013,14.10.00,No,Collision with vehicle,Friday,REAR END(VEHICLES IN SAME LANE),No,Day,Yes,Not at intersection,Other injury accident,60 km/hr,No,261947,144.91954,-37.63023
3402225,T20130014779,ABS to receive accident,Finished,15/07/2013,18.30.00,Yes,Collision with a fixed object,Monday,LEFT OFF CARRIAGEWAY INTO OBJECT/PARKED VEHICLE,No,Dark No street lights,No,Not at intersection,Serious injury accident,100 km/hr,Yes,262154,144.18472,-37.54942
3402226,T20130014782,ABS to receive accident,Finished,17/07/2013,14.45.00,No,Collision with vehicle,Wednesday,REAR END(VEHICLES IN SAME LANE),No,Day,Yes,Cross intersection,Other injury accident,60 km/hr,No,62412,144.9545,-37.71837
3402227,T20130014783,ABS to receive accident,Finished,17/07/2013,15.30.00,No,Struck Pedestrian,Wednesday,PED NEAR SIDE. PED HIT BY VEHICLE FROM THE RIGHT.,No,Day,Yes,Not at intersection,Other injury accident,50 km/hr,No,261909,146.87684,-36.12313
3402228,T20130014785,ABS to receive accident,Finished,17/07/2013,17.00.00,No,Struck Pedestrian,Wednesday,PED NEAR SIDE. PED HIT BY VEHICLE FROM THE RIGHT.,No,Day,No,Not at intersection,Serious injury accident,40 km/hr,No,261895,144.77433,-37.70179
3402229,T20130014788,ABS to receive accident,Finished,17/07/2013,16.47.00,No,Collision with vehicle,Wednesday,RIGHT REAR.,No,Day,Yes,T intersection,Other injury accident,70 km/hr,No,262276,144.36124,-38.19623
3402230,T20130014799,ABS to receive accident,Finished,17/07/2013,16.15.00,No,Collision with vehicle,Wednesday,RIGHT NEAR (INTERSECTIONS ONLY),No,Day,Yes,T intersection,Serious injury accident,80 km/hr,No,221398,144.95382,-37.65828
3402231,T20130014801,ABS to receive accident,Finished,17/07/2013,19.05.00,Yes,Collision with vehicle,Wednesday,VEHICLE STRIKES ANOTHER VEH WHILE EMERGING FROM DRIVEWAY,No,Dark Street lights on,Yes,Not at intersection,Other injury accident,70 km/hr,No,262452,145.16283,-37.90362
3402232,T20130014802,ABS to receive accident,Finished,17/07/2013,16.14.00,No,Collision with vehicle,Wednesday,REAR END(VEHICLES IN SAME LANE),No,Day,Yes,Not at intersection,Serious injury accident,60 km/hr,No,204808,145.05173,-37.75331
3402233,T20130014803,ABS to receive accident,Finished,17/07/2013,20.10.00,Yes,Collision with vehicle,Wednesday,ENTERING PARKING,No,Dark Street lights on,Yes,Not at intersection,Serious injury accident,40 km/hr,No,129892,145.07654,-37.81227
3402234,T20130014804,ABS to receive accident,Finished,17/07/2013,20.20.00,Yes,No collision and no object struck,Wednesday,OUT OF CONTROL ON CARRIAGEWAY (ON STRAIGHT),No,Dark Street lights on,Yes,Not at intersection,Serious injury accident,70 km/hr,No,261896,144.38409,-38.1681
3402235,T20130014805,ABS to receive accident,Finished,17/07/2013,18.00.00,Yes,Collision with vehicle,Wednesday,REAR END(VEHICLES IN SAME LANE),No,Dark No street lights,No,Not at intersection,Other injury accident,80 km/hr,No,262130,144.69146,-37.8318
3402236,T20130014806,ABS to receive accident,Finished,17/07/2013,20.00.00,Yes,Collision with vehicle,Wednesday,RIGHT THROUGH,No,Dark Street lights on,Yes,T intersection,Other injury accident,70 km/hr,No,17632,145.42437,-36.38613
3402237,T20130014808,ABS to receive accident,Finished,17/07/2013,19.00.00,Yes,Collision with vehicle,Wednesday,REAR END(VEHICLES IN SAME LANE),No,Dark Street lights on,Yes,Not at intersection,Other injury accident,70 km/hr,No,262797,145.31156,-37.7823
3402238,T20130014812,ABS to receive accident,Finished,17/07/2013,21.21.00,Yes,Collision with vehicle,Wednesday,CROSS TRAFFIC(INTERSECTIONS ONLY),No,Dark Street lights on,Yes,Cross intersection,Serious injury accident,50 km/hr,No,57587,145.00228,-37.94582
3402239,T20130014813,ABS to receive accident,Finished,18/07/2013,01.22.00,Yes,Collision with a fixed object,Thursday,RIGHT OFF CARRIAGEWAY INTO OBJECT/PARKED VEHICLE,No,Dark Street lights on,Yes,Cross intersection,Serious injury accident,80 km/hr,Yes,226245,145.00873,-37.90637
3402240,T20130014814,ABS to receive accident,Finished,18/07/2013,01.00.00,Yes,Collision with a fixed object,Thursday,RIGHT OFF CARRIAGEWAY INTO OBJECT/PARKED VEHICLE,No,Dark Street lights on,Yes,Cross intersection,Other injury accident,60 km/hr,Yes,266135,144.39144,-38.17063
3402241,T20130014817,ABS to receive accident,Finished,18/07/2013,07.30.00,No,Collision with vehicle,Thursday,U TURN,No,Day,Yes,Not at intersection,Other injury accident,60 km/hr,No,261910,145.00813,-37.87817
3402242,T20130014818,ABS to receive accident,Finished,18/07/2013,07.45.00,No,Collision with vehicle,Thursday,LEFT NEAR (INTERSECTIONS ONLY),No,Day,Yes,T intersection,Other injury accident,50 km/hr,No,261911,145.05048,-37.77316
3402243,T20130014820,ABS to receive accident,Finished,18/07/2013,08.00.00,No,Vehicle overturned (no collision),Thursday,OUT OF CONTROL ON CARRIAGEWAY (ON STRAIGHT),No,Day,No,Not at intersection,Other injury accident,40 km/hr,No,261912,145.21644,-37.98707
3402244,T20130014823,ABS to receive accident,Finished,17/07/2013,13.40.00,No,Collision with a fixed object,Wednesday,OFF RIGHT BEND INTO OBJECT/PARKED VEHICLE,No,Day,No,T intersection,Other injury accident,60 km/hr,Yes,261942,144.94907,-37.68614
3402245,T20130014824,ABS to receive accident,Finished,18/07/2013,08.54.00,No,Collision with vehicle,Thursday,REAR END(VEHICLES IN SAME LANE),No,Dusk/Dawn,Yes,Not at intersection,Serious injury accident,70 km/hr,No,272545,144.99201,-37.74409
3402246,T20130014827,ABS to receive accident,Finished,6/07/2013,10.30.00,No,Collision with vehicle,Saturday,REAR END(VEHICLES IN SAME LANE),No,Day,No,T intersection,Other injury accident,50 km/hr,No,43649,145.34707,-38.0289
3402247,T20130014828,ABS to receive accident,Finished,18/07/2013,11.41.00,No,Collision with vehicle,Thursday,REAR END(VEHICLES IN SAME LANE),No,Day,No,T intersection,Other injury accident,80 km/hr,No,30002,145.14359,-37.9247
3402248,T20130014829,ABS to receive accident,Finished,9/07/2013,18.00.00,Yes,Collision with a fixed object,Tuesday,LEFT OFF CARRIAGEWAY INTO OBJECT/PARKED VEHICLE,No,Unk.,No,Not at intersection,Other injury accident,60 km/hr,Yes,261929,144.91007,-37.69384
3402249,T20130014830,ABS to receive accident,Finished,15/07/2013,05.45.00,Yes,Vehicle overturned (no collision),Monday,OUT OF CONTROL ON CARRIAGEWAY (ON STRAIGHT),No,Dark Street lights on,No,Cross intersection,Other injury accident,60 km/hr,No,36027,144.97259,-37.76656
3402250,T20130014833,ABS to receive accident,Finished,18/07/2013,08.50.00,No,Struck Pedestrian,Thursday,PED NEAR SIDE. PED HIT BY VEHICLE FROM THE RIGHT.,Yes,Day,No,Cross intersection,Other injury accident,50 km/hr,No,68467,145.15627,-37.8839
3402251,T20130014835,ABS to receive accident,Finished,16/07/2013,21.21.00,Yes,Struck animal,Tuesday,STRUCK ANIMAL,No,Dark No street lights,Yes,Not at intersection,Serious injury accident,80 km/hr,No,262088,144.72247,-37.9264
3402252,T20130014837,ABS to receive accident,Finished,18/07/2013,12.15.00,No,Collision with vehicle,Thursday,U TURN,No,Day,Yes,Not at intersection,Other injury accident,60 km/hr,No,261913,144.38313,-38.17602
3402253,T20130014838,ABS to receive accident,Finished,17/07/2013,19.10.00,Yes,Struck animal,Wednesday,STRUCK ANIMAL,No,Dark No street lights,Yes,Not at intersection,Other injury accident,100 km/hr,No,262049,147.66716,-36.22394
3402254,T20130014839,ABS to receive accident,Finished,18/07/2013,12.40.00,No,Collision with vehicle,Thursday,CROSS TRAFFIC(INTERSECTIONS ONLY),No,Day,Yes,Cross intersection,Other injury accident,70 km/hr,No,261914,146.41717,-38.21674
3402255,T20130014840,ABS to receive accident,Finished,18/07/2013,10.23.00,No,Collision with vehicle,Thursday,RIGHT THROUGH,No,Day,Yes,Cross intersection,Serious injury accident,60 km/hr,No,22,144.9512,-37.7966
3402256,T20130014841,ABS to receive accident,Finished,18/07/2013,13.00.00,No,Collision with vehicle,Thursday,VEHICLE STRIKES ANOTHER VEH WHILE EMERGING FROM DRIVEWAY,No,Day,Yes,Not at intersection,Other injury accident,50 km/hr,No,261944,144.95006,-37.28948
3402257,T20130014842,ABS to receive accident,Finished,17/07/2013,06.30.00,No,Collision with vehicle,Wednesday,LEFT NEAR (INTERSECTIONS ONLY),No,Dark Street lights on,No,Cross intersection,Serious injury accident,60 km/hr,No,38220,145.03049,-37.66082
3402258,T20130014847,ABS to receive accident,Finished,18/07/2013,14.25.00,No,Vehicle overturned (no collision),Thursday,OUT OF CONTROL ON CARRIAGEWAY (ON STRAIGHT),No,Day,Yes,T intersection,Serious injury accident,50 km/hr,No,261897,145.11029,-37.82653
3402259,T20130014848,ABS to receive accident,Finished,18/07/2013,11.14.00,No,Collision with vehicle,Thursday,RIGHT THROUGH,No,Day,Yes,Cross intersection,Other injury accident,60 km/hr,No,43723,144.56755,-37.68758
3402260,T20130014853,ABS to receive accident,Finished,16/07/2013,12.30.00,No,Collision with vehicle,Tuesday,VEHICLE STRIKES DOOR OF PARKED/STATIONARY VEHICLE,No,Day,No,Not at intersection,Serious injury accident,40 km/hr,No,263732,144.99933,-37.81771
3402261,T20130014854,ABS to receive accident,Finished,18/07/2013,16.10.00,No,Collision with vehicle,Thursday,REAR END(VEHICLES IN SAME LANE),Yes,Day,Yes,T intersection,Serious injury accident,60 km/hr,No,42952,145.18231,-37.96608
3402262,T20130014861,ABS to receive accident,Finished,18/07/2013,16.45.00,No,Collision with vehicle,Thursday,RIGHT NEAR (INTERSECTIONS ONLY),No,Day,Yes,T intersection,Other injury accident,80 km/hr,No,262050,144.51306,-38.2106
3402263,T20130014862,ABS to receive accident,Finished,18/07/2013,15.13.00,No,Collision with vehicle,Thursday,RIGHT THROUGH,No,Day,Yes,T intersection,Other injury accident,70 km/hr,No,39505,145.17586,-37.81954
3402264,T20130014864,ABS to receive accident,Finished,18/07/2013,18.20.00,Yes,Collision with vehicle,Thursday,RIGHT FAR (INTERSECTIONS ONLY),No,Dark Street lights on,No,Cross intersection,Other injury accident,50 km/hr,No,58141,142.16617,-34.19393
3402265,T20130014866,ABS to receive accident,Finished,18/07/2013,18.30.00,Yes,Collision with vehicle,Thursday,RIGHT FAR (INTERSECTIONS ONLY),No,Dark Street lights on,Yes,T intersection,Other injury accident,60 km/hr,No,40332,145.03392,-37.87065
3402266,T20130014867,ABS to receive accident,Finished,18/07/2013,16.45.00,No,Collision with vehicle,Thursday,REAR END(VEHICLES IN SAME LANE),No,Dusk/Dawn,Yes,Cross intersection,Other injury accident,60 km/hr,No,30939,144.97935,-37.79312
3402267,T20130014870,ABS to receive accident,Finished,18/07/2013,18.00.00,Yes,Collision with vehicle,Thursday,LANE SIDE SWIPE (VEHICLES IN PARALLEL LANES),No,Dark No street lights,Yes,Not at intersection,Serious injury accident,110 km/hr,No,262029,145.42155,-36.82502
3402268,T20130014873,ABS to receive accident,Finished,18/07/2013,19.00.00,Yes,Collision with vehicle,Thursday,LANE SIDE SWIPE (VEHICLES IN PARALLEL LANES),Yes,Dark Street lights unknown,No,Multiple intersection,Serious injury accident,60 km/hr,No,35610,145.11981,-37.97331
3402269,T20130014874,ABS to receive accident,Finished,18/07/2013,21.55.00,Yes,Struck animal,Thursday,STRUCK ANIMAL,No,Dark No street lights,No,Not at intersection,Other injury accident,100 km/hr,No,262366,142.33045,-38.14108
3402270,T20130014876,ABS to receive accident,Finished,18/07/2013,21.30.00,Yes,Collision with vehicle,Thursday,REAR END(VEHICLES IN SAME LANE),No,Dark Street lights on,Yes,Not at intersection,Other injury accident,60 km/hr,No,263607,145.14248,-37.02809
3402271,T20130014879,ABS to receive accident,Finished,18/07/2013,05.40.00,Yes,Collision with vehicle,Thursday,RIGHT NEAR (INTERSECTIONS ONLY),No,Dark Street lights on,Yes,T intersection,Other injury accident,60 km/hr,No,57709,144.95008,-37.8224
3402272,T20130014881,ABS to receive accident,Finished,18/07/2013,12.05.00,No,Vehicle overturned (no collision),Thursday,OFF CARRIAGEWAY TO LEFT,No,Day,Yes,T intersection,Serious injury accident,100 km/hr,Yes,72830,144.24614,-38.2118
3402273,T20130014882,ABS to receive accident,Finished,18/07/2013,15.45.00,No,Other accident,Thursday,OTHER ACCIDENTS NOT CLASSIFIABLE ELSEWHERE,No,Day,Yes,Not at intersection,Other injury accident,50 km/hr,No,261946,145.00739,-37.93175
3402274,T20130014885,ABS to receive accident,Finished,10/07/2013,05.45.00,Yes,Collision with a fixed object,Wednesday,OFF RIGHT BEND INTO OBJECT/PARKED VEHICLE,No,Dark No street lights,Yes,Not at intersection,Serious injury accident,100 km/hr,Yes,263715,149.32866,-37.56473
3402275,T20130014887,ABS to receive accident,Finished,19/07/2013,07.10.00,No,Collision with vehicle,Friday,REAR END(VEHICLES IN SAME LANE),No,Day,Yes,T intersection,Serious injury accident,60 km/hr,No,37961,144.99921,-37.78587
3402276,T20130014889,ABS to receive accident,Finished,19/07/2013,08.19.00,No,Struck Pedestrian,Friday,FAR SIDE. PED HIT BY VEHICLE FROM THE LEFT,No,Day,No,T intersection,Serious injury accident,60 km/hr,No,39377,145.1426,-37.79324
3402277,T20130014682,ABS to receive accident,Finished,15/07/2013,22.30.00,Yes,Collision with a fixed object,Monday,OUT OF CONTROL (OVERTAKING),No,Dark Street lights on,Yes,Not at intersection,Other injury accident,70 km/hr,Yes,261936,145.31693,-37.81902
3402278,T20130014690,ABS to receive accident,Finished,16/07/2013,10.45.00,No,Collision with vehicle,Tuesday,REAR END(VEHICLES IN SAME LANE),No,Day,Yes,Not at intersection,Other injury accident,100 km/hr,No,261906,145.29979,-37.17058
3402279,T20130014692,ABS to receive accident,Finished,16/07/2013,07.20.00,No,Collision with vehicle,Tuesday,REAR END(VEHICLES IN SAME LANE),No,Day,Yes,Not at intersection,Other injury accident,80 km/hr,No,262564,145.21747,-38.00393
3402280,T20130014694,ABS to receive accident,Finished,16/07/2013,08.25.00,No,Collision with vehicle,Tuesday,VEHICLE STRIKES ANOTHER VEH WHILE EMERGING FROM DRIVEWAY,No,Day,Yes,Not at intersection,Serious injury accident,60 km/hr,No,261893,145.01162,-37.83637
3402281,T20130014697,ABS to receive accident,Finished,16/07/2013,10.25.00,No,Collision with vehicle,Tuesday,CROSS TRAFFIC(INTERSECTIONS ONLY),No,Day,Yes,Cross intersection,Serious injury accident,100 km/hr,No,73855,142.86479,-38.38855
3402282,T20130014700,ABS to receive accident,Finished,10/07/2013,13.05.00,No,Collision with a fixed object,Wednesday,OFF RIGHT BEND INTO OBJECT/PARKED VEHICLE,No,Day,No,Not at intersection,Other injury accident,100 km/hr,Yes,262733,144.33897,-37.33067
3402283,T20130014701,ABS to receive accident,Finished,16/07/2013,15.45.00,No,Collision with a fixed object,Tuesday,RIGHT OFF CARRIAGEWAY INTO OBJECT/PARKED VEHICLE,No,Day,Yes,Not at intersection,Other injury accident,80 km/hr,Yes,262128,145.17728,-37.81008
3402284,T20130014705,ABS to receive accident,Finished,15/07/2013,14.30.00,No,Collision with vehicle,Monday,REAR END(VEHICLES IN SAME LANE),No,Unk.,No,Cross intersection,Other injury accident,60 km/hr,No,40209,145.01156,-37.85431
3402285,T20130014707,ABS to receive accident,Finished,16/07/2013,06.50.00,No,Collision with vehicle,Tuesday,RIGHT THROUGH,No,Unk.,No,Not at intersection,Other injury accident,40 km/hr,No,122236,144.97718,-37.80593
3402286,T20130014709,ABS to receive accident,Finished,16/07/2013,15.08.00,No,Vehicle overturned (no collision),Tuesday,OFF CARRIAGEWAY TO LEFT,No,Day,Yes,Not at intersection,Other injury accident,100 km/hr,Yes,265455,145.94995,-36.0078
3402287,T20130014711,ABS to receive accident,Finished,16/07/2013,17.26.00,No,Collision with vehicle,Tuesday,VEHICLE STRIKES ANOTHER VEH WHILE EMERGING FROM DRIVEWAY,No,Dark Street lights on,Yes,Not at intersection,Serious injury accident,60 km/hr,No,261854,145.02254,-37.82112
3402288,T20130014712,ABS to receive accident,Finished,16/07/2013,17.30.00,No,Collision with vehicle,Tuesday,REAR END(VEHICLES IN SAME LANE),No,Dark Street lights on,Yes,Not at intersection,Other injury accident,50 km/hr,No,261937,145.41572,-36.3691
3402289,T20130014714,ABS to receive accident,Finished,16/07/2013,16.40.00,No,Collision with vehicle,Tuesday,VEHICLE STRIKES DOOR OF PARKED/STATIONARY VEHICLE,No,Day,Yes,Not at intersection,Serious injury accident,60 km/hr,No,261855,144.97697,-37.80719
3402290,T20130014716,ABS to receive accident,Finished,16/07/2013,17.20.00,No,Collision with vehicle,Tuesday,RIGHT THROUGH,No,Dusk/Dawn,Yes,T intersection,Other injury accident,80 km/hr,No,45002,144.82039,-37.77616
3402291,T20130014720,ABS to receive accident,Finished,16/07/2013,19.25.00,Yes,Collision with a fixed object,Tuesday,RIGHT OFF CARRIAGEWAY INTO OBJECT/PARKED VEHICLE,No,Dark No street lights,Yes,Not at intersection,Serious injury accident,80 km/hr,Yes,261856,144.50603,-37.62372
3402292,T20130014722,ABS to receive accident,Finished,16/07/2013,18.05.00,Yes,Struck Pedestrian,Tuesday,PED NEAR SIDE. PED HIT BY VEHICLE FROM THE RIGHT.,No,Dark Street lights on,Yes,T intersection,Serious injury accident,60 km/hr,No,64339,144.97709,-37.77895
3402293,T20130014724,ABS to receive accident,Finished,16/07/2013,19.10.00,Yes,No collision and no object struck,Monday,OFF CARRIAGEWAY TO LEFT,No,Dark Street lights on,Yes,Not at intersection,Other injury accident,60 km/hr,Yes,261907,144.83209,-37.75038
3402294,T20130014727,ABS to receive accident,Finished,15/07/2013,19.00.00,Yes,Fall from or in moving vehicle,Monday,FELL IN/FROM VEHICLE,No,Dark Street lights on,Yes,Not at intersection,Serious injury accident,50 km/hr,No,261891,145.10335,-37.93631
3402295,T20130014729,ABS to receive accident,Finished,16/07/2013,23.55.00,Yes,Struck Pedestrian,Monday,PED NEAR SIDE. PED HIT BY VEHICLE FROM THE RIGHT.,No,Dark Street lights on,Yes,T intersection,Fatal accident,Not known,No,40064,144.97534,-37.86098
3402296,T20130014730,ABS to receive accident,Finished,16/07/2013,05.10.00,Yes,Collision with a fixed object,Tuesday,LEFT OFF CARRIAGEWAY INTO OBJECT/PARKED VEHICLE,No,Dark No street lights,Yes,Not at intersection,Other injury accident,70 km/hr,Yes,261938,145.19806,-37.7496
3402297,T20130014731,ABS to receive accident,Finished,17/07/2013,03.30.00,Yes,Collision with vehicle,Wednesday,VEHICLE COLLIDES WITH VEHICLE PARKED ON LEFT OF ROAD,No,Dark Street lights on,Yes,Not at intersection,Other injury accident,60 km/hr,No,108978,144.92731,-37.68536
3402298,T20130014732,ABS to receive accident,Finished,15/07/2013,16.15.00,No,Collision with a fixed object,Monday,RIGHT OFF CARRIAGEWAY INTO OBJECT/PARKED VEHICLE,No,Day,Yes,Not at intersection,Serious injury accident,100 km/hr,Yes,261892,143.68199,-37.88431
3402299,T20130014735,ABS to receive accident,Finished,16/07/2013,15.45.00,No,Struck Pedestrian,Tuesday,ANY MANOEUVRE INVOLVING PED NOT INCLUDED IN DCAs 100-108.,No,Day,No,Not at intersection,Other injury accident,50 km/hr,No,262275,145.15409,-36.78504
3402300,T20130014740,ABS to receive accident,Finished,17/07/2013,08.45.00,No,Collision with vehicle,Wednesday,RIGHT THROUGH,No,Day,Yes,Not at intersection,Other injury accident,60 km/hr,No,261883,145.12372,-38.07616
3402301,T20130014744,ABS to receive accident,Finished,17/07/2013,09.50.00,No,Collision with vehicle,Wednesday,CUTTING IN (OVERTAKING),Yes,Day,Yes,Not at intersection,Serious injury accident,60 km/hr,No,263717,145.28551,-37.86444
3402302,T20130014745,ABS to receive accident,Finished,6/07/2013,00.30.00,Yes,Vehicle overturned (no collision),Saturday,OFF CARRIAGEWAY ON LEFT BEND,No,Dark No street lights,Yes,Not at intersection,Serious injury accident,80 km/hr,Yes,262637,145.22024,-37.59165
3402303,T20130015081,ABS to receive accident,Finished,21/07/2013,10.45.00,No,Collision with vehicle,Sunday,REAR END(VEHICLES IN SAME LANE),No,Day,No,Cross intersection,Other injury accident,Not known,No,34725,145.16928,-37.85474
3402304,T20130015082,ABS to receive accident,Finished,21/07/2013,16.40.00,Yes,Collision with a fixed object,Sunday,RIGHT OFF CARRIAGEWAY INTO OBJECT/PARKED VEHICLE,No,Dusk/Dawn,Yes,Not at intersection,Other injury accident,80 km/hr,Yes,262096,145.13332,-37.91527
3402305,T20130015085,ABS to receive accident,Finished,21/07/2013,13.45.00,No,No collision and no object struck,Sunday,OUT OF CONTROL ON CARRIAGEWAY (ON STRAIGHT),No,Day,Yes,Not at intersection,Serious injury accident,Not known,No,262097,144.15391,-38.36393
3402306,T20130015090,ABS to receive accident,Finished,21/07/2013,19.22.00,Yes,Collision with a fixed object,Sunday,RIGHT OFF CARRIAGEWAY INTO OBJECT/PARKED VEHICLE,No,Dark Street lights on,Yes,Cross intersection,Serious injury accident,70 km/hr,Yes,29785,145.02371,-37.65188
3402307,T20130015094,ABS to receive accident,Finished,19/07/2013,19.00.00,Yes,Struck Pedestrian,Friday,PED NEAR SIDE. PED HIT BY VEHICLE FROM THE RIGHT.,No,Dark Street lights unknown,No,Cross intersection,Other injury accident,60 km/hr,No,37724,144.99648,-37.85228
3402308,T20130015095,ABS to receive accident,Finished,21/07/2013,21.45.00,Yes,Struck Pedestrian,Sunday,PED NEAR SIDE. PED HIT BY VEHICLE FROM THE RIGHT.,No,Dark Street lights on,Yes,Cross intersection,Other injury accident,60 km/hr,No,59524,144.30487,-36.73146
3402309,T20130015108,ABS to receive accident,Finished,22/07/2013,09.20.00,No,Collision with vehicle,Monday,LEAVING PARKING,No,Day,Yes,Not at intersection,Other injury accident,60 km/hr,No,262458,144.833,-37.7532
3402310,T20130015110,ABS to receive accident,Finished,22/07/2013,10.30.00,No,Collision with a fixed object,Monday,LEFT OFF CARRIAGEWAY INTO OBJECT/PARKED VEHICLE,No,Day,Yes,Not at intersection,Other injury accident,50 km/hr,Yes,262141,144.34636,-38.17164
3402311,T20130015111,ABS to receive accident,Finished,17/07/2013,10.00.00,No,Vehicle overturned (no collision),Wednesday,OUT OF CONTROL ON CARRIAGEWAY (ON STRAIGHT),No,Day,No,T intersection,Serious injury accident,50 km/hr,No,66109,145.22049,-37.81867
3402312,T20130015113,ABS to receive accident,Finished,22/07/2013,10.35.00,No,Struck Pedestrian,Monday,PED NEAR SIDE. PED HIT BY VEHICLE FROM THE RIGHT.,No,Day,Yes,Cross intersection,Serious injury accident,60 km/hr,No,40951,145.26504,-37.84127
3402313,T20130015114,ABS to receive accident,Finished,22/07/2013,10.25.00,No,Collision with vehicle,Monday,HEAD ON (NOT OVERTAKING),No,Day,Yes,T intersection,Serious injury accident,80 km/hr,No,39496,145.1779,-37.80569