OBJECTID,ACCIDENT_NO,ABS_CODE,ACCIDENT_STATUS,ACCIDENT_DATE,ACCIDENT_TIME,ALCOHOLTIME,ACCIDENT_TYPE,DAY_OF_WEEK,DCA_CODE,HIT_RUN_FLAG,LIGHT_CONDITION,POLICE_ATTEND,ROAD_GEOMETRY,SEVERITY,SPEED_ZONE,RUN_OFFROAD,NODE_ID,LONGITUDE,LATITUDE
3402314,T20130015119,ABS to receive accident,Finished,22/07/2013,11.30.00,No,Collision with vehicle,Monday,LEFT NEAR (INTERSECTIONS ONLY),No,Day,Yes,T intersection,Serious injury accident,60 km/hr,No,66641,144.87015,-37.83356
3402315,T20130015122,ABS to receive accident,Finished,22/07/2013,08.30.00,Yes,Collision with vehicle,Sunday,LANE SIDE SWIPE (VEHICLES IN PARALLEL LANES),Yes,Day,No,Not at intersection,Other injury accident,40 km/hr,No,261999,144.66614,-37.9043
3402316,T20130014921,ABS to receive accident,Finished,3/07/2013,17.45.00,No,Collision with vehicle,Wednesday,RIGHT FAR (INTERSECTIONS ONLY),No,Dark Street lights on,Yes,T intersection,Other injury accident,60 km/hr,No,38551,144.83289,-37.79621
3402317,T20130014923,ABS to receive accident,Finished,19/07/2013,14.31.00,No,Collision with vehicle,Friday,CROSS TRAFFIC(INTERSECTIONS ONLY),No,Day,Yes,Cross intersection,Other injury accident,60 km/hr,No,52768,143.86191,-37.53967
3402318,T20130014927,ABS to receive accident,Finished,19/07/2013,09.10.00,No,Collision with a fixed object,Friday,LEFT OFF CARRIAGEWAY INTO OBJECT/PARKED VEHICLE,No,Day,Yes,Not at intersection,Other injury accident,110 km/hr,Yes,262132,141.70294,-35.16905
3402319,T20130014928,ABS to receive accident,Finished,19/07/2013,15.15.00,No,Collision with vehicle,Friday,RIGHT THROUGH,No,Day,Yes,T intersection,Other injury accident,60 km/hr,No,40053,144.96458,-37.85569
3402320,T20130014929,ABS to receive accident,Finished,19/07/2013,11.07.00,No,Collision with vehicle,Friday,HEAD ON (NOT OVERTAKING),No,Day,Yes,Not at intersection,Fatal accident,60 km/hr,No,129334,144.77653,-37.84656
3402321,T20130014930,ABS to receive accident,Finished,18/07/2013,17.45.00,No,Collision with vehicle,Thursday,RIGHT THROUGH,No,Dusk/Dawn,No,T intersection,Other injury accident,60 km/hr,No,45390,144.92088,-37.77224
3402322,T20130014933,ABS to receive accident,Finished,19/07/2013,16.15.00,Yes,Collision with vehicle,Friday,LANE CHANGE RIGHT (NOT OVERTAKING),No,Day,Yes,T intersection,Other injury accident,70 km/hr,No,261962,143.82192,-37.54075
3402323,T20130014935,ABS to receive accident,Finished,19/07/2013,16.20.00,Yes,Collision with vehicle,Friday,RIGHT NEAR (INTERSECTIONS ONLY),No,Day,Yes,T intersection,Other injury accident,70 km/hr,No,261993,144.68721,-37.85381
3402324,T20130014937,ABS to receive accident,Finished,18/07/2013,06.40.00,No,Collision with vehicle,Thursday,REAR END(VEHICLES IN SAME LANE),No,Dusk/Dawn,No,Not at intersection,Other injury accident,100 km/hr,No,263918,145.12684,-37.89257
3402325,T20130014944,ABS to receive accident,Finished,19/07/2013,16.45.00,Yes,Collision with vehicle,Friday,RIGHT TURN SIDESWIPE,No,Day,Yes,T intersection,Other injury accident,60 km/hr,No,40065,144.97528,-37.86635
3402326,T20130014945,ABS to receive accident,Finished,19/07/2013,17.46.00,Yes,Collision with vehicle,Friday,REAR END(VEHICLES IN SAME LANE),No,Dark Street lights on,Yes,Not at intersection,Other injury accident,100 km/hr,No,261963,144.85675,-37.73018
3402327,T20130014947,ABS to receive accident,Finished,19/07/2013,17.15.00,Yes,Vehicle overturned (no collision),Friday,OFF CARRIAGEWAY TO LEFT,No,Dark No street lights,Yes,Not at intersection,Other injury accident,80 km/hr,Yes,263587,146.24017,-36.33847
3402328,T20130014949,ABS to receive accident,Finished,19/07/2013,18.40.00,Yes,Collision with vehicle,Friday,CROSS TRAFFIC(INTERSECTIONS ONLY),No,Dark No street lights,Yes,Cross intersection,Other injury accident,50 km/hr,No,44742,145.10189,-37.71319
3402329,T20130014950,ABS to receive accident,Finished,10/07/2013,16.15.00,No,Collision with vehicle,Wednesday,REAR END(VEHICLES IN SAME LANE),No,Day,No,Cross intersection,Other injury accident,70 km/hr,No,29816,144.82871,-37.77715
3402330,T20130014953,ABS to receive accident,Finished,19/07/2013,17.30.00,Yes,Collision with vehicle,Friday,REAR END(VEHICLES IN SAME LANE),No,Dark Street lights on,Yes,Not at intersection,Other injury accident,Not known,No,261994,145.06708,-37.76575
3402331,T20130014955,ABS to receive accident,Finished,19/07/2013,19.24.00,Yes,Collision with vehicle,Friday,RIGHT/RIGHT BOTH VEHs FROM OPPOSITE DIRECTIONS TURNING RIGHT,No,Dark Street lights on,Yes,Cross intersection,Other injury accident,40 km/hr,No,36510,144.97945,-37.80598
3402332,T20130014958,ABS to receive accident,Finished,19/07/2013,15.23.00,No,Collision with vehicle,Thursday,RIGHT THROUGH,No,Day,Yes,Multiple intersection,Serious injury accident,60 km/hr,No,605,145.05892,-37.86004
3402333,T20130014959,ABS to receive accident,Finished,19/07/2013,19.30.00,Yes,Collision with vehicle,Thursday,REAR END(VEHICLES IN SAME LANE),No,Dark Street lights on,Yes,Cross intersection,Serious injury accident,60 km/hr,No,304384,144.78198,-37.72784
3402334,T20130014960,ABS to receive accident,Finished,18/07/2013,16.00.00,No,Collision with vehicle,Thursday,RIGHT NEAR (INTERSECTIONS ONLY),No,Day,No,T intersection,Other injury accident,60 km/hr,No,45055,144.83042,-37.76799
3402335,T20130014962,ABS to receive accident,Finished,19/07/2013,20.00.00,Yes,Collision with vehicle,Friday,RIGHT NEAR (INTERSECTIONS ONLY),No,Dark Street lights on,Yes,T intersection,Other injury accident,60 km/hr,No,38129,145.04071,-37.77274
3402336,T20130014963,ABS to receive accident,Finished,19/07/2013,18.20.00,Yes,Struck Pedestrian,Friday,FAR SIDE. PED HIT BY VEHICLE FROM THE LEFT,No,Dark No street lights,Yes,Not at intersection,Serious injury accident,50 km/hr,No,262091,145.03368,-37.82389
3402337,T20130014964,ABS to receive accident,Finished,19/07/2013,17.45.00,Yes,Collision with vehicle,Friday,REAR END(VEHICLES IN SAME LANE),Yes,Dark No street lights,Yes,Not at intersection,Serious injury accident,50 km/hr,No,264418,143.84691,-37.57693
3402338,T20130014966,ABS to receive accident,Finished,19/07/2013,19.15.00,Yes,Collision with vehicle,Friday,CROSS TRAFFIC(INTERSECTIONS ONLY),Yes,Dark Street lights on,Yes,Cross intersection,Other injury accident,60 km/hr,No,47974,144.92827,-37.63057
3402339,T20130014967,ABS to receive accident,Finished,19/07/2013,16.20.00,Yes,Collision with vehicle,Friday,REAR END(VEHICLES IN SAME LANE),No,Day,Yes,T intersection,Other injury accident,60 km/hr,No,71988,144.34132,-38.14607
3402340,T20130014968,ABS to receive accident,Finished,19/07/2013,19.30.00,Yes,Collision with vehicle,Friday,REAR END(VEHICLES IN SAME LANE),No,Dark Street lights on,No,Not at intersection,Other injury accident,70 km/hr,No,262052,144.77797,-37.75094
3402341,T20130014969,ABS to receive accident,Finished,19/07/2013,19.20.00,Yes,Struck Pedestrian,Friday,FAR SIDE. PED HIT BY VEHICLE FROM THE LEFT,No,Dark Street lights on,Yes,Cross intersection,Other injury accident,40 km/hr,No,29780,145.00401,-37.73797
3402342,T20130014971,ABS to receive accident,Finished,19/07/2013,20.15.00,Yes,Collision with a fixed object,Friday,OFF RIGHT BEND INTO OBJECT/PARKED VEHICLE,No,Dark Street lights on,Yes,Not at intersection,Serious injury accident,50 km/hr,Yes,271135,147.02646,-36.25147
3402343,T20130014976,ABS to receive accident,Finished,19/07/2013,19.30.00,Yes,Collision with a fixed object,Friday,RIGHT OFF CARRIAGEWAY INTO OBJECT/PARKED VEHICLE,No,Dark No street lights,Yes,Not at intersection,Other injury accident,110 km/hr,Yes,265036,142.84726,-35.4772
3402344,T20130014978,ABS to receive accident,Finished,19/07/2013,23.15.00,Yes,Collision with vehicle,Friday,REAR END(VEHICLES IN SAME LANE),No,Dark Street lights on,Yes,Cross intersection,Serious injury accident,50 km/hr,No,55878,143.85632,-37.56162
3402345,T20130014982,ABS to receive accident,Finished,18/07/2013,07.40.00,No,Collision with vehicle,Thursday,LANE CHANGE LEFT (NOT OVERTAKING),No,Day,Yes,Not at intersection,Other injury accident,80 km/hr,No,261961,145.05789,-37.68611
3402346,T20130014983,ABS to receive accident,Finished,19/07/2013,12.25.00,No,Collision with vehicle,Thursday,RIGHT THROUGH,No,Day,Yes,T intersection,Other injury accident,70 km/hr,No,37878,144.99047,-37.77206
3402347,T20130014985,ABS to receive accident,Finished,20/07/2013,06.18.00,Yes,Vehicle overturned (no collision),Saturday,OFF CARRIAGEWAY TO RIGHT,No,Dark Street lights on,Yes,Not at intersection,Serious injury accident,60 km/hr,Yes,121264,144.96811,-37.79392
3402348,T20130014993,ABS to receive accident,Finished,20/07/2013,08.27.00,No,Collision with a fixed object,Friday,RIGHT OFF CARRIAGEWAY INTO OBJECT/PARKED VEHICLE,Yes,Dusk/Dawn,Yes,Not at intersection,Other injury accident,100 km/hr,Yes,293815,144.13122,-38.259
3402349,T20130014994,ABS to receive accident,Finished,20/07/2013,11.21.00,No,Collision with vehicle,Saturday,RIGHT REAR.,No,Day,Yes,T intersection,Other injury accident,60 km/hr,No,40642,145.11228,-37.83228
3402350,T20130014995,ABS to receive accident,Finished,20/07/2013,10.35.00,No,Collision with vehicle,Saturday,REAR END(VEHICLES IN SAME LANE),No,Day,Yes,T intersection,Other injury accident,60 km/hr,No,70469,145.04555,-37.97892
3402351,T20130014996,ABS to receive accident,Finished,20/07/2013,11.15.00,No,Collision with vehicle,Saturday,RIGHT THROUGH,No,Day,Yes,T intersection,Other injury accident,60 km/hr,No,38433,145.29657,-37.77158
3402352,T20130014999,ABS to receive accident,Finished,19/07/2013,18.15.00,Yes,Collision with vehicle,Friday,RIGHT NEAR (INTERSECTIONS ONLY),No,Dark Street lights on,Yes,T intersection,Other injury accident,70 km/hr,No,48985,144.90916,-37.63811
3402353,T20130015000,ABS to receive accident,Finished,20/07/2013,12.20.00,No,Collision with vehicle,Saturday,HEAD ON (NOT OVERTAKING),No,Day,Yes,Not at intersection,Serious injury accident,80 km/hr,No,262595,144.28035,-37.54847
3402354,T20130015001,ABS to receive accident,Finished,20/07/2013,12.22.00,No,Collision with vehicle,Saturday,CROSS TRAFFIC(INTERSECTIONS ONLY),No,Day,Yes,Cross intersection,Other injury accident,50 km/hr,No,61985,144.94235,-37.70014
3402355,T20130015002,ABS to receive accident,Finished,20/07/2013,12.00.00,No,Collision with vehicle,Saturday,REAR END(VEHICLES IN SAME LANE),No,Unk.,No,Not at intersection,Other injury accident,60 km/hr,No,263988,144.33557,-38.14472
3402356,T20130015003,ABS to receive accident,Finished,20/07/2013,11.55.00,No,Collision with vehicle,Saturday,LEFT NEAR (INTERSECTIONS ONLY),No,Day,Yes,T intersection,Other injury accident,60 km/hr,No,52215,146.55218,-38.19431
3402357,T20130015004,ABS to receive accident,Finished,20/07/2013,13.30.00,No,Collision with a fixed object,Saturday,RIGHT OFF CARRIAGEWAY INTO OBJECT/PARKED VEHICLE,No,Day,Yes,Not at intersection,Serious injury accident,100 km/hr,Yes,263718,144.95516,-37.32221
3402358,T20130015005,ABS to receive accident,Finished,20/07/2013,13.55.00,No,Collision with vehicle,Saturday,CROSS TRAFFIC(INTERSECTIONS ONLY),No,Day,Yes,Cross intersection,Other injury accident,70 km/hr,No,29772,144.99907,-37.73992
3402359,T20130015006,ABS to receive accident,Finished,19/07/2013,16.05.00,Yes,Collision with vehicle,Friday,REAR END(VEHICLES IN SAME LANE),No,Day,Yes,Not at intersection,Other injury accident,60 km/hr,No,262202,143.82022,-37.54972
3402360,T20130015010,ABS to receive accident,Finished,20/07/2013,12.00.00,No,Struck Pedestrian,Saturday,FAR SIDE. PED HIT BY VEHICLE FROM THE LEFT,No,Day,Yes,Not at intersection,Serious injury accident,60 km/hr,No,262873,145.15364,-37.95002
3402361,T20130015011,ABS to receive accident,Finished,20/07/2013,15.35.00,Yes,Collision with a fixed object,Saturday,RIGHT OFF CARRIAGEWAY INTO OBJECT/PARKED VEHICLE,No,Day,Yes,Not at intersection,Serious injury accident,70 km/hr,Yes,261996,144.93322,-37.80403
3402362,T20130015013,ABS to receive accident,Finished,20/07/2013,15.45.00,Yes,Struck Pedestrian,Saturday,FAR SIDE. PED HIT BY VEHICLE FROM THE LEFT,No,Day,Yes,Not at intersection,Serious injury accident,50 km/hr,No,262093,144.92196,-37.65284
3402363,T20130015014,ABS to receive accident,Finished,20/07/2013,14.56.00,Yes,Collision with vehicle,Saturday,REAR END(VEHICLES IN SAME LANE),No,Day,Yes,Cross intersection,Other injury accident,60 km/hr,No,40424,145.05132,-37.85939
3402364,T20130015015,ABS to receive accident,Finished,19/07/2013,18.45.00,Yes,Vehicle overturned (no collision),Friday,OUT OF CONTROL ON CARRIAGEWAY (ON STRAIGHT),No,Dark Street lights on,No,T intersection,Other injury accident,60 km/hr,No,48465,145.03707,-37.82909
3402365,T20130015016,ABS to receive accident,Finished,20/07/2013,15.00.00,Yes,Collision with vehicle,Saturday,RIGHT NEAR (INTERSECTIONS ONLY),No,Day,Yes,T intersection,Serious injury accident,80 km/hr,No,43979,145.03732,-38.26484
3402366,T20130015018,ABS to receive accident,Finished,20/07/2013,15.10.00,Yes,Collision with a fixed object,Saturday,RIGHT OFF CARRIAGEWAY INTO OBJECT/PARKED VEHICLE,No,Day,Yes,Not at intersection,Other injury accident,70 km/hr,Yes,261965,145.29614,-38.08184
3402367,T20130015019,ABS to receive accident,Finished,20/07/2013,16.40.00,Yes,Collision with vehicle,Saturday,U TURN,No,Dusk/Dawn,Yes,Not at intersection,Serious injury accident,80 km/hr,No,263435,145.10393,-37.57526
3402368,T20130015023,ABS to receive accident,Finished,20/07/2013,17.15.00,Yes,Collision with vehicle,Saturday,RIGHT THROUGH,No,Dusk/Dawn,Yes,T intersection,Other injury accident,60 km/hr,No,39326,145.12267,-37.82425
3402369,T20130015026,ABS to receive accident,Finished,20/07/2013,13.00.00,No,Collision with a fixed object,Saturday,RIGHT OFF CARRIAGEWAY INTO OBJECT/PARKED VEHICLE,No,Day,Yes,Not at intersection,Other injury accident,60 km/hr,Yes,261966,147.60589,-37.83199
3402370,T20130015027,ABS to receive accident,Finished,20/07/2013,18.20.00,Yes,Vehicle overturned (no collision),Saturday,OFF CARRIAGEWAY TO LEFT,No,Dark Street lights on,Yes,Not at intersection,Serious injury accident,50 km/hr,Yes,262094,144.27105,-36.71917
3402371,T20130015029,ABS to receive accident,Finished,20/07/2013,18.40.00,Yes,Collision with a fixed object,Saturday,LEFT OFF CARRIAGEWAY INTO OBJECT/PARKED VEHICLE,No,Dark Street lights on,Yes,Cross intersection,Other injury accident,60 km/hr,Yes,17544,146.00461,-36.0177
3402372,T20130015031,ABS to receive accident,Finished,20/07/2013,18.09.00,Yes,Struck Pedestrian,Saturday,FAR SIDE. PED HIT BY VEHICLE FROM THE LEFT,No,Dark Street lights on,Yes,Cross intersection,Other injury accident,50 km/hr,No,44540,145.51685,-37.65406
3402373,T20130015033,ABS to receive accident,Finished,20/07/2013,01.00.00,Yes,Struck Pedestrian,Saturday,PED NEAR SIDE. PED HIT BY VEHICLE FROM THE RIGHT.,No,Dark Street lights on,Yes,Cross intersection,Other injury accident,60 km/hr,No,46387,144.35263,-38.14741
3402374,T20130015036,ABS to receive accident,Finished,20/07/2013,21.05.00,Yes,Collision with vehicle,Saturday,RIGHT THROUGH,No,Dark Street lights on,Yes,T intersection,Serious injury accident,80 km/hr,No,43094,145.22403,-37.99983
3402375,T20130015039,ABS to receive accident,Finished,20/07/2013,19.48.00,Yes,Fall from or in moving vehicle,Saturday,FELL IN/FROM VEHICLE,No,Dark Street lights on,Yes,Not at intersection,Serious injury accident,60 km/hr,No,262155,144.77771,-37.88839
3402376,T20130015042,ABS to receive accident,Finished,21/07/2013,01.30.00,Yes,Collision with vehicle,Sunday,HEAD ON (NOT OVERTAKING),No,Dark No street lights,Yes,T intersection,Serious injury accident,100 km/hr,No,52294,146.4295,-38.29103
3402377,T20130015043,ABS to receive accident,Finished,21/07/2013,03.10.00,Yes,Collision with a fixed object,Sunday,LEFT OFF CARRIAGEWAY INTO OBJECT/PARKED VEHICLE,No,Dark Street lights on,Yes,Not at intersection,Serious injury accident,100 km/hr,Yes,262095,145.10072,-37.78606
3402378,T20130015049,ABS to receive accident,Finished,21/07/2013,05.10.00,Yes,Collision with a fixed object,Sunday,RIGHT OFF CARRIAGEWAY INTO OBJECT/PARKED VEHICLE,No,Dark Street lights on,Yes,Cross intersection,Serious injury accident,80 km/hr,Yes,42976,145.19205,-37.96482
3402379,T20130015052,ABS to receive accident,Finished,20/07/2013,18.10.00,Yes,Collision with vehicle,Saturday,RIGHT THROUGH,No,Dark Street lights on,Yes,Cross intersection,Serious injury accident,60 km/hr,No,36813,144.94844,-37.82896
3402380,T20130015053,ABS to receive accident,Finished,21/07/2013,08.55.00,Yes,Collision with vehicle,Sunday,RIGHT THROUGH,No,Day,Yes,Cross intersection,Other injury accident,60 km/hr,No,40450,145.06368,-37.83216
3402381,T20130015058,ABS to receive accident,Finished,21/07/2013,11.43.00,No,Struck Pedestrian,Sunday,PED NEAR SIDE. PED HIT BY VEHICLE FROM THE RIGHT.,No,Day,Yes,T intersection,Serious injury accident,50 km/hr,No,49866,144.3371,-38.13698
3402382,T20130015059,ABS to receive accident,Finished,19/07/2013,21.13.00,Yes,Collision with a fixed object,Friday,OFF RIGHT BEND INTO OBJECT/PARKED VEHICLE,No,Dark Street lights on,Yes,Not at intersection,Other injury accident,80 km/hr,Yes,262203,146.42434,-38.23644
3402383,T20130015060,ABS to receive accident,Finished,20/07/2013,11.50.00,No,Collision with a fixed object,Saturday,LEFT OFF CARRIAGEWAY INTO OBJECT/PARKED VEHICLE,No,Day,No,Not at intersection,Serious injury accident,100 km/hr,Yes,263877,145.29552,-36.37551
3402384,T20130015063,ABS to receive accident,Finished,21/07/2013,09.45.00,Yes,Collision with vehicle,Sunday,RIGHT NEAR (INTERSECTIONS ONLY),No,Day,Yes,T intersection,Serious injury accident,80 km/hr,No,40806,145.17044,-37.84856
3402385,T20130015065,ABS to receive accident,Finished,20/07/2013,19.45.00,Yes,Struck Pedestrian,Saturday,PED NEAR SIDE. PED HIT BY VEHICLE FROM THE RIGHT.,Yes,Dark Street lights unknown,Yes,Cross intersection,Other injury accident,60 km/hr,No,262675,144.74421,-37.71053
3402386,T20130015067,ABS to receive accident,Finished,21/07/2013,09.00.00,Yes,Collision with vehicle,Sunday,CROSS TRAFFIC(INTERSECTIONS ONLY),No,Day,Yes,Cross intersection,Serious injury accident,60 km/hr,No,44641,144.28437,-36.76229
3402387,T20130015068,ABS to receive accident,Finished,21/07/2013,13.39.00,No,Collision with a fixed object,Sunday,LEFT OFF CARRIAGEWAY INTO OBJECT/PARKED VEHICLE,No,Day,Yes,Not at intersection,Other injury accident,100 km/hr,Yes,262277,145.21761,-37.82581
3402388,T20130015071,ABS to receive accident,Finished,20/07/2013,18.05.00,Yes,Collision with a fixed object,Saturday,LEFT OFF CARRIAGEWAY INTO OBJECT/PARKED VEHICLE,No,Dark Street lights on,Yes,Not at intersection,Serious injury accident,80 km/hr,Yes,262428,144.91626,-37.69437
3402389,T20130015072,ABS to receive accident,Finished,20/07/2013,18.30.00,Yes,Collision with vehicle,Saturday,RIGHT REAR.,No,Dark Street lights on,No,T intersection,Other injury accident,60 km/hr,No,43595,145.1492,-38.19414
3402390,T20130015073,ABS to receive accident,Finished,21/07/2013,03.20.00,Yes,Collision with a fixed object,Sunday,LEFT OFF CARRIAGEWAY INTO OBJECT/PARKED VEHICLE,No,Dark No street lights,Yes,Not at intersection,Serious injury accident,80 km/hr,Yes,263187,145.78404,-38.10717
3402391,T20130015076,ABS to receive accident,Finished,21/07/2013,13.55.00,No,Collision with a fixed object,Sunday,OFF RIGHT BEND INTO OBJECT/PARKED VEHICLE,No,Day,Yes,Not at intersection,Other injury accident,50 km/hr,Yes,262322,145.17346,-37.98351
3402392,T20130015077,ABS to receive accident,Finished,21/07/2013,12.25.00,No,Collision with vehicle,Sunday,RIGHT THROUGH,No,Day,Yes,Cross intersection,Other injury accident,60 km/hr,No,243974,144.78122,-37.69723
3402393,T20130015080,ABS to receive accident,Finished,21/07/2013,15.51.00,No,Collision with vehicle,,RIGHT THROUGH,No,Day,Yes,Multiple intersection,Other injury accident,60 km/hr,No,12928,144.93912,-37.786
3402394,T20130015175,ABS to receive accident,Finished,23/07/2013,08.00.00,No,Collision with a fixed object,Tuesday,LEFT OFF CARRIAGEWAY INTO OBJECT/PARKED VEHICLE,No,Day,Yes,T intersection,Serious injury accident,80 km/hr,Yes,263596,145.50985,-37.81119
3402395,T20130015181,ABS to receive accident,Finished,23/07/2013,10.00.00,No,No collision and no object struck,Monday,OUT OF CONTROL ON CARRIAGEWAY (ON STRAIGHT),No,Day,Yes,Multiple intersection,Serious injury accident,40 km/hr,No,29396,144.96874,-37.80816
3402396,T20130015182,ABS to receive accident,Finished,23/07/2013,09.55.00,No,Collision with vehicle,Tuesday,RIGHT NEAR (INTERSECTIONS ONLY),No,Day,Yes,T intersection,Other injury accident,60 km/hr,No,42371,145.10766,-37.94187
3402397,T20130015185,ABS to receive accident,Finished,23/07/2013,08.55.00,No,Collision with vehicle,Tuesday,VEHICLE STRIKES ANOTHER VEH WHILE EMERGING FROM DRIVEWAY,No,Day,Yes,Not at intersection,Other injury accident,70 km/hr,No,262005,145.05257,-37.93514
3402398,T20130015187,ABS to receive accident,Finished,23/07/2013,10.37.00,No,Collision with vehicle,Tuesday,RIGHT THROUGH,No,Day,Yes,T intersection,Other injury accident,50 km/hr,No,246186,143.91892,-35.73504
3402399,T20130015188,ABS to receive accident,Finished,13/07/2013,10.45.00,No,collision with some other object,Saturday,STRUCK OBJECT ON CARRIAGEWAY,No,Day,No,Not at intersection,Other injury accident,Not known,No,262044,146.40897,-37.95702
3402400,T20130015189,ABS to receive accident,Finished,19/07/2013,19.30.00,Yes,Collision with vehicle,Friday,RIGHT THROUGH,No,Dark Street lights on,No,Cross intersection,Other injury accident,40 km/hr,No,29441,144.99708,-37.83041
3402401,T20130015190,ABS to receive accident,Finished,19/07/2013,17.55.00,Yes,Collision with vehicle,Friday,REAR END(VEHICLES IN SAME LANE),No,Dark Street lights on,No,Not at intersection,Other injury accident,60 km/hr,No,262367,144.70556,-37.85486
3402402,T20130015198,ABS to receive accident,Finished,23/07/2013,09.40.00,No,Collision with a fixed object,Tuesday,LEFT OFF CARRIAGEWAY INTO OBJECT/PARKED VEHICLE,No,Day,Yes,Not at intersection,Serious injury accident,100 km/hr,Yes,262429,143.02588,-37.27646
3402403,T20130015206,ABS to receive accident,Finished,23/07/2013,14.10.00,No,Vehicle overturned (no collision),Tuesday,OFF CARRIAGEWAY TO RIGHT,No,Day,Yes,Not at intersection,Other injury accident,100 km/hr,Yes,263378,146.45925,-36.32903
3402404,T20130015212,ABS to receive accident,Finished,23/07/2013,15.15.00,No,Collision with vehicle,Tuesday,VEHICLE OFF FOOTPATH STRIKES VEH ON CARRIAGEWAY,No,Day,Yes,Not at intersection,Serious injury accident,60 km/hr,No,263283,145.04272,-37.85044
3402405,T20130015214,ABS to receive accident,Finished,17/07/2013,17.15.00,No,Collision with vehicle,Wednesday,REAR END(VEHICLES IN SAME LANE),No,Unk.,No,Not at intersection,Other injury accident,60 km/hr,No,263917,145.07978,-37.8211
3402406,T20130015215,ABS to receive accident,Finished,23/07/2013,16.20.00,No,Collision with vehicle,Tuesday,RIGHT FAR (INTERSECTIONS ONLY),No,Day,No,T intersection,Other injury accident,Not known,No,44318,144.63797,-37.89633
3402407,T20130015341,ABS to receive accident,Finished,25/07/2013,07.45.00,No,Collision with vehicle,Thursday,RIGHT FAR (INTERSECTIONS ONLY),No,Day,Yes,Cross intersection,Other injury accident,60 km/hr,No,46691,145.00898,-37.86863
3402408,T20130015343,ABS to receive accident,Finished,25/07/2013,09.25.00,No,Collision with vehicle,Thursday,VEHICLE OFF FOOTPATH STRIKES VEH ON CARRIAGEWAY,No,Day,Yes,T intersection,Serious injury accident,60 km/hr,No,10594,145.02976,-37.79198